{
  "name": "glsl",
  "word": "identifier",
  "rules": {
    "translation_unit": {
      "type": "REPEAT1",
      "content": {
        "type": "SYMBOL",
        "name": "_external_declaration"
      }
    },
    "_external_declaration": {
      "type": "CHOICE",
      "members": [
        {
          "type": "FIELD",
          "name": "declarator",
          "content": {
            "type": "SYMBOL",
            "name": "function_definition"
          }
        },
        {
          "type": "FIELD",
          "name": "body",
          "content": {
            "type": "SYMBOL",
            "name": "declaration"
          }
        }
      ]
    },
    "declaration": {
      "type": "CHOICE",
      "members": [
        {
          "type": "SEQ",
          "members": [
            {
              "type": "SYMBOL",
              "name": "function_prototype"
            },
            {
              "type": "STRING",
              "value": ";"
            }
          ]
        },
        {
          "type": "SEQ",
          "members": [
            {
              "type": "SYMBOL",
              "name": "_init_declarator_list"
            },
            {
              "type": "STRING",
              "value": ";"
            }
          ]
        },
        {
          "type": "SEQ",
          "members": [
            {
              "type": "STRING",
              "value": "precision"
            },
            {
              "type": "SYMBOL",
              "name": "precision_qualifier"
            },
            {
              "type": "SYMBOL",
              "name": "type_specifier"
            },
            {
              "type": "STRING",
              "value": ";"
            }
          ]
        },
        {
          "type": "SEQ",
          "members": [
            {
              "type": "SYMBOL",
              "name": "type_qualifier_list"
            },
            {
              "type": "FIELD",
              "name": "declarator",
              "content": {
                "type": "SYMBOL",
                "name": "identifier"
              }
            },
            {
              "type": "FIELD",
              "name": "body",
              "content": {
                "type": "SEQ",
                "members": [
                  {
                    "type": "STRING",
                    "value": "{"
                  },
                  {
                    "type": "SYMBOL",
                    "name": "struct_declaration_list"
                  },
                  {
                    "type": "STRING",
                    "value": "}"
                  }
                ]
              }
            },
            {
              "type": "CHOICE",
              "members": [
                {
                  "type": "FIELD",
                  "name": "declarator",
                  "content": {
                    "type": "SYMBOL",
                    "name": "_field_declarator"
                  }
                },
                {
                  "type": "BLANK"
                }
              ]
            },
            {
              "type": "STRING",
              "value": ";"
            }
          ]
        },
        {
          "type": "SEQ",
          "members": [
            {
              "type": "SYMBOL",
              "name": "type_qualifier_list"
            },
            {
              "type": "CHOICE",
              "members": [
                {
                  "type": "SEQ",
                  "members": [
                    {
                      "type": "FIELD",
                      "name": "type",
                      "content": {
                        "type": "SYMBOL",
                        "name": "identifier"
                      }
                    },
                    {
                      "type": "FIELD",
                      "name": "declarator",
                      "content": {
                        "type": "REPEAT1",
                        "content": {
                          "type": "PREC_RIGHT",
                          "value": 0,
                          "content": {
                            "type": "SEQ",
                            "members": [
                              {
                                "type": "STRING",
                                "value": ","
                              },
                              {
                                "type": "SYMBOL",
                                "name": "identifier"
                              }
                            ]
                          }
                        }
                      }
                    }
                  ]
                },
                {
                  "type": "BLANK"
                }
              ]
            },
            {
              "type": "STRING",
              "value": ";"
            }
          ]
        }
      ]
    },
    "_init_declarator_list": {
      "type": "CHOICE",
      "members": [
        {
          "type": "SEQ",
          "members": [
            {
              "type": "SYMBOL",
              "name": "fully_specified_type"
            },
            {
              "type": "CHOICE",
              "members": [
                {
                  "type": "SEQ",
                  "members": [
                    {
                      "type": "FIELD",
                      "name": "declarator",
                      "content": {
                        "type": "SYMBOL",
                        "name": "_field_declarator"
                      }
                    },
                    {
                      "type": "CHOICE",
                      "members": [
                        {
                          "type": "SEQ",
                          "members": [
                            {
                              "type": "STRING",
                              "value": "="
                            },
                            {
                              "type": "FIELD",
                              "name": "value",
                              "content": {
                                "type": "SYMBOL",
                                "name": "_initializer"
                              }
                            }
                          ]
                        },
                        {
                          "type": "BLANK"
                        }
                      ]
                    }
                  ]
                },
                {
                  "type": "BLANK"
                }
              ]
            }
          ]
        },
        {
          "type": "SEQ",
          "members": [
            {
              "type": "SYMBOL",
              "name": "_init_declarator_list"
            },
            {
              "type": "STRING",
              "value": ","
            },
            {
              "type": "FIELD",
              "name": "declarator",
              "content": {
                "type": "SYMBOL",
                "name": "_field_declarator"
              }
            },
            {
              "type": "CHOICE",
              "members": [
                {
                  "type": "SEQ",
                  "members": [
                    {
                      "type": "STRING",
                      "value": "="
                    },
                    {
                      "type": "FIELD",
                      "name": "value",
                      "content": {
                        "type": "SYMBOL",
                        "name": "_initializer"
                      }
                    }
                  ]
                },
                {
                  "type": "BLANK"
                }
              ]
            }
          ]
        }
      ]
    },
    "_initializer": {
      "type": "CHOICE",
      "members": [
        {
          "type": "SYMBOL",
          "name": "_expression"
        },
        {
          "type": "SEQ",
          "members": [
            {
              "type": "STRING",
              "value": "{"
            },
            {
              "type": "SEQ",
              "members": [
                {
                  "type": "SYMBOL",
                  "name": "_initializer"
                },
                {
                  "type": "REPEAT",
                  "content": {
                    "type": "SEQ",
                    "members": [
                      {
                        "type": "STRING",
                        "value": ","
                      },
                      {
                        "type": "SYMBOL",
                        "name": "_initializer"
                      }
                    ]
                  }
                }
              ]
            },
            {
              "type": "CHOICE",
              "members": [
                {
                  "type": "STRING",
                  "value": ","
                },
                {
                  "type": "BLANK"
                }
              ]
            },
            {
              "type": "STRING",
              "value": "}"
            }
          ]
        }
      ]
    },
    "function_definition": {
      "type": "CHOICE",
      "members": [
        {
          "type": "SEQ",
          "members": [
            {
              "type": "FIELD",
              "name": "declarator",
              "content": {
                "type": "SYMBOL",
                "name": "function_prototype"
              }
            },
            {
              "type": "CHOICE",
              "members": [
                {
                  "type": "FIELD",
                  "name": "body",
                  "content": {
                    "type": "SYMBOL",
                    "name": "compound_statement"
                  }
                },
                {
                  "type": "BLANK"
                }
              ]
            }
          ]
        }
      ]
    },
    "compound_statement": {
      "type": "SEQ",
      "members": [
        {
          "type": "STRING",
          "value": "{"
        },
        {
          "type": "CHOICE",
          "members": [
            {
              "type": "SYMBOL",
              "name": "statement_list"
            },
            {
              "type": "BLANK"
            }
          ]
        },
        {
          "type": "STRING",
          "value": "}"
        }
      ]
    },
    "statement_list": {
      "type": "REPEAT1",
      "content": {
        "type": "SYMBOL",
        "name": "_statement"
      }
    },
    "_statement": {
      "type": "CHOICE",
      "members": [
        {
          "type": "SYMBOL",
          "name": "compound_statement"
        },
        {
          "type": "SYMBOL",
          "name": "declaration"
        },
        {
          "type": "SYMBOL",
          "name": "expression_statement"
        },
        {
          "type": "SYMBOL",
          "name": "if_statement"
        },
        {
          "type": "SYMBOL",
          "name": "switch_statement"
        },
        {
          "type": "SYMBOL",
          "name": "case_label"
        },
        {
          "type": "SYMBOL",
          "name": "iteration_statement"
        },
        {
          "type": "SYMBOL",
          "name": "jump_statement"
        }
      ]
    },
    "expression_statement": {
      "type": "SEQ",
      "members": [
        {
          "type": "CHOICE",
          "members": [
            {
              "type": "SYMBOL",
              "name": "_expression"
            },
            {
              "type": "BLANK"
            }
          ]
        },
        {
          "type": "STRING",
          "value": ";"
        }
      ]
    },
    "if_statement": {
      "type": "PREC_RIGHT",
      "value": 0,
      "content": {
        "type": "SEQ",
        "members": [
          {
            "type": "STRING",
            "value": "if"
          },
          {
            "type": "STRING",
            "value": "("
          },
          {
            "type": "FIELD",
            "name": "condition",
            "content": {
              "type": "SYMBOL",
              "name": "_expression"
            }
          },
          {
            "type": "STRING",
            "value": ")"
          },
          {
            "type": "FIELD",
            "name": "consequence",
            "content": {
              "type": "SYMBOL",
              "name": "_statement"
            }
          },
          {
            "type": "CHOICE",
            "members": [
              {
                "type": "SEQ",
                "members": [
                  {
                    "type": "STRING",
                    "value": "else"
                  },
                  {
                    "type": "FIELD",
                    "name": "alternative",
                    "content": {
                      "type": "SYMBOL",
                      "name": "_statement"
                    }
                  }
                ]
              },
              {
                "type": "BLANK"
              }
            ]
          }
        ]
      }
    },
    "switch_statement": {
      "type": "SEQ",
      "members": [
        {
          "type": "STRING",
          "value": "switch"
        },
        {
          "type": "STRING",
          "value": "("
        },
        {
          "type": "FIELD",
          "name": "condition",
          "content": {
            "type": "SYMBOL",
            "name": "_expression"
          }
        },
        {
          "type": "STRING",
          "value": ")"
        },
        {
          "type": "STRING",
          "value": "{"
        },
        {
          "type": "CHOICE",
          "members": [
            {
              "type": "FIELD",
              "name": "body",
              "content": {
                "type": "SYMBOL",
                "name": "statement_list"
              }
            },
            {
              "type": "BLANK"
            }
          ]
        },
        {
          "type": "STRING",
          "value": "}"
        }
      ]
    },
    "iteration_statement": {
      "type": "CHOICE",
      "members": [
        {
          "type": "SEQ",
          "members": [
            {
              "type": "STRING",
              "value": "while"
            },
            {
              "type": "STRING",
              "value": "("
            },
            {
              "type": "SYMBOL",
              "name": "condition"
            },
            {
              "type": "STRING",
              "value": ")"
            },
            {
              "type": "SYMBOL",
              "name": "_statement"
            }
          ]
        },
        {
          "type": "SEQ",
          "members": [
            {
              "type": "STRING",
              "value": "do"
            },
            {
              "type": "SYMBOL",
              "name": "_statement"
            },
            {
              "type": "STRING",
              "value": "while"
            },
            {
              "type": "STRING",
              "value": "("
            },
            {
              "type": "SYMBOL",
              "name": "_expression"
            },
            {
              "type": "STRING",
              "value": ")"
            },
            {
              "type": "STRING",
              "value": ";"
            }
          ]
        },
        {
          "type": "SEQ",
          "members": [
            {
              "type": "STRING",
              "value": "for"
            },
            {
              "type": "STRING",
              "value": "("
            },
            {
              "type": "FIELD",
              "name": "initializer",
              "content": {
                "type": "CHOICE",
                "members": [
                  {
                    "type": "SYMBOL",
                    "name": "expression_statement"
                  },
                  {
                    "type": "SYMBOL",
                    "name": "declaration"
                  }
                ]
              }
            },
            {
              "type": "CHOICE",
              "members": [
                {
                  "type": "SYMBOL",
                  "name": "condition"
                },
                {
                  "type": "BLANK"
                }
              ]
            },
            {
              "type": "STRING",
              "value": ";"
            },
            {
              "type": "CHOICE",
              "members": [
                {
                  "type": "FIELD",
                  "name": "update",
                  "content": {
                    "type": "SYMBOL",
                    "name": "_expression"
                  }
                },
                {
                  "type": "BLANK"
                }
              ]
            },
            {
              "type": "STRING",
              "value": ")"
            },
            {
              "type": "SYMBOL",
              "name": "_statement"
            }
          ]
        }
      ]
    },
    "condition": {
      "type": "FIELD",
      "name": "condition",
      "content": {
        "type": "CHOICE",
        "members": [
          {
            "type": "SYMBOL",
            "name": "_expression"
          },
          {
            "type": "SEQ",
            "members": [
              {
                "type": "SYMBOL",
                "name": "fully_specified_type"
              },
              {
                "type": "FIELD",
                "name": "declarator",
                "content": {
                  "type": "SYMBOL",
                  "name": "identifier"
                }
              },
              {
                "type": "STRING",
                "value": "="
              },
              {
                "type": "SYMBOL",
                "name": "_initializer"
              }
            ]
          }
        ]
      }
    },
    "jump_statement": {
      "type": "CHOICE",
      "members": [
        {
          "type": "SEQ",
          "members": [
            {
              "type": "STRING",
              "value": "continue"
            },
            {
              "type": "STRING",
              "value": ";"
            }
          ]
        },
        {
          "type": "SEQ",
          "members": [
            {
              "type": "STRING",
              "value": "break"
            },
            {
              "type": "STRING",
              "value": ";"
            }
          ]
        },
        {
          "type": "SEQ",
          "members": [
            {
              "type": "STRING",
              "value": "return"
            },
            {
              "type": "CHOICE",
              "members": [
                {
                  "type": "SYMBOL",
                  "name": "_expression"
                },
                {
                  "type": "BLANK"
                }
              ]
            },
            {
              "type": "STRING",
              "value": ";"
            }
          ]
        },
        {
          "type": "SEQ",
          "members": [
            {
              "type": "STRING",
              "value": "discard"
            },
            {
              "type": "STRING",
              "value": ";"
            }
          ]
        }
      ]
    },
    "function_prototype": {
      "type": "SEQ",
      "members": [
        {
          "type": "SYMBOL",
          "name": "function_declaration"
        },
        {
          "type": "STRING",
          "value": ")"
        }
      ]
    },
    "case_label": {
      "type": "CHOICE",
      "members": [
        {
          "type": "SEQ",
          "members": [
            {
              "type": "STRING",
              "value": "case"
            },
            {
              "type": "SYMBOL",
              "name": "_expression"
            },
            {
              "type": "STRING",
              "value": ";"
            }
          ]
        },
        {
          "type": "SEQ",
          "members": [
            {
              "type": "STRING",
              "value": "default"
            },
            {
              "type": "STRING",
              "value": ";"
            }
          ]
        }
      ]
    },
    "function_declaration": {
      "type": "SEQ",
      "members": [
        {
          "type": "FIELD",
          "name": "type",
          "content": {
            "type": "SYMBOL",
            "name": "fully_specified_type"
          }
        },
        {
          "type": "FIELD",
          "name": "name",
          "content": {
            "type": "SYMBOL",
            "name": "identifier"
          }
        },
        {
          "type": "STRING",
          "value": "("
        },
        {
          "type": "CHOICE",
          "members": [
            {
              "type": "FIELD",
              "name": "parameters",
              "content": {
                "type": "SYMBOL",
                "name": "function_parameter_list"
              }
            },
            {
              "type": "BLANK"
            }
          ]
        }
      ]
    },
    "fully_specified_type": {
      "type": "SEQ",
      "members": [
        {
          "type": "CHOICE",
          "members": [
            {
              "type": "SYMBOL",
              "name": "type_qualifier_list"
            },
            {
              "type": "BLANK"
            }
          ]
        },
        {
          "type": "SYMBOL",
          "name": "type_specifier"
        }
      ]
    },
    "function_parameter_list": {
      "type": "SEQ",
      "members": [
        {
          "type": "SYMBOL",
          "name": "parameter_declaration"
        },
        {
          "type": "REPEAT",
          "content": {
            "type": "SEQ",
            "members": [
              {
                "type": "STRING",
                "value": ","
              },
              {
                "type": "SYMBOL",
                "name": "parameter_declaration"
              }
            ]
          }
        }
      ]
    },
    "parameter_declaration": {
      "type": "SEQ",
      "members": [
        {
          "type": "CHOICE",
          "members": [
            {
              "type": "FIELD",
              "name": "type",
              "content": {
                "type": "SYMBOL",
                "name": "type_qualifier_list"
              }
            },
            {
              "type": "BLANK"
            }
          ]
        },
        {
          "type": "FIELD",
          "name": "declarator",
          "content": {
            "type": "CHOICE",
            "members": [
              {
                "type": "SYMBOL",
                "name": "parameter_declarator"
              },
              {
                "type": "SYMBOL",
                "name": "type_specifier"
              }
            ]
          }
        }
      ]
    },
    "parameter_declarator": {
      "type": "SEQ",
      "members": [
        {
          "type": "FIELD",
          "name": "type",
          "content": {
            "type": "SYMBOL",
            "name": "type_specifier"
          }
        },
        {
          "type": "FIELD",
          "name": "declarator",
          "content": {
            "type": "SYMBOL",
            "name": "_field_declarator"
          }
        }
      ]
    },
    "_array_specifier_list": {
      "type": "REPEAT1",
      "content": {
        "type": "PREC_LEFT",
        "value": 18,
        "content": {
          "type": "CHOICE",
          "members": [
            {
              "type": "STRING",
              "value": "[]"
            },
            {
              "type": "SEQ",
              "members": [
                {
                  "type": "STRING",
                  "value": "["
                },
                {
                  "type": "SYMBOL",
                  "name": "_constant_expression"
                },
                {
                  "type": "STRING",
                  "value": "]"
                }
              ]
            }
          ]
        }
      }
    },
    "_field_declarator": {
      "type": "CHOICE",
      "members": [
        {
          "type": "SYMBOL",
          "name": "identifier"
        },
        {
          "type": "SYMBOL",
          "name": "array_declarator"
        }
      ]
    },
    "array_declarator": {
      "type": "SEQ",
      "members": [
        {
          "type": "FIELD",
          "name": "declarator",
          "content": {
            "type": "SYMBOL",
            "name": "identifier"
          }
        },
        {
          "type": "SYMBOL",
          "name": "_array_specifier_list"
        }
      ]
    },
    "type_specifier": {
      "type": "PREC",
      "value": -1,
      "content": {
        "type": "SEQ",
        "members": [
          {
            "type": "SYMBOL",
            "name": "_type_specifier_nonarray"
          },
          {
            "type": "CHOICE",
            "members": [
              {
                "type": "SYMBOL",
                "name": "_array_specifier_list"
              },
              {
                "type": "BLANK"
              }
            ]
          }
        ]
      }
    },
    "_type_specifier_nonarray": {
      "type": "CHOICE",
      "members": [
        {
          "type": "SYMBOL",
          "name": "primitive_type"
        },
        {
          "type": "SEQ",
          "members": [
            {
              "type": "STRING",
              "value": "struct"
            },
            {
              "type": "CHOICE",
              "members": [
                {
                  "type": "FIELD",
                  "name": "declarator",
                  "content": {
                    "type": "SYMBOL",
                    "name": "identifier"
                  }
                },
                {
                  "type": "BLANK"
                }
              ]
            },
            {
              "type": "STRING",
              "value": "{"
            },
            {
              "type": "FIELD",
              "name": "body",
              "content": {
                "type": "SYMBOL",
                "name": "struct_declaration_list"
              }
            },
            {
              "type": "STRING",
              "value": "}"
            }
          ]
        },
        {
          "type": "SYMBOL",
          "name": "identifier"
        }
      ]
    },
    "primitive_type": {
      "type": "CHOICE",
      "members": [
        {
          "type": "STRING",
          "value": "void"
        },
        {
          "type": "STRING",
          "value": "float"
        },
        {
          "type": "STRING",
          "value": "double"
        },
        {
          "type": "STRING",
          "value": "int"
        },
        {
          "type": "STRING",
          "value": "uint"
        },
        {
          "type": "STRING",
          "value": "bool"
        },
        {
          "type": "STRING",
          "value": "vec2"
        },
        {
          "type": "STRING",
          "value": "vec3"
        },
        {
          "type": "STRING",
          "value": "vec4"
        },
        {
          "type": "STRING",
          "value": "dvec2"
        },
        {
          "type": "STRING",
          "value": "dvec3"
        },
        {
          "type": "STRING",
          "value": "dvec4"
        },
        {
          "type": "STRING",
          "value": "bvec2"
        },
        {
          "type": "STRING",
          "value": "bvec3"
        },
        {
          "type": "STRING",
          "value": "bvec4"
        },
        {
          "type": "STRING",
          "value": "ivec2"
        },
        {
          "type": "STRING",
          "value": "ivec3"
        },
        {
          "type": "STRING",
          "value": "ivec4"
        },
        {
          "type": "STRING",
          "value": "uvec2"
        },
        {
          "type": "STRING",
          "value": "uvec3"
        },
        {
          "type": "STRING",
          "value": "uvec4"
        },
        {
          "type": "STRING",
          "value": "mat2"
        },
        {
          "type": "STRING",
          "value": "mat3"
        },
        {
          "type": "STRING",
          "value": "mat4"
        },
        {
          "type": "STRING",
          "value": "mat2x2"
        },
        {
          "type": "STRING",
          "value": "mat2x3"
        },
        {
          "type": "STRING",
          "value": "mat2x4"
        },
        {
          "type": "STRING",
          "value": "mat3x2"
        },
        {
          "type": "STRING",
          "value": "mat3x3"
        },
        {
          "type": "STRING",
          "value": "mat3x4"
        },
        {
          "type": "STRING",
          "value": "mat4x2"
        },
        {
          "type": "STRING",
          "value": "mat4x3"
        },
        {
          "type": "STRING",
          "value": "mat4x4"
        },
        {
          "type": "STRING",
          "value": "dmat2"
        },
        {
          "type": "STRING",
          "value": "dmat3"
        },
        {
          "type": "STRING",
          "value": "dmat4"
        },
        {
          "type": "STRING",
          "value": "dmat2x2"
        },
        {
          "type": "STRING",
          "value": "dmat2x3"
        },
        {
          "type": "STRING",
          "value": "dmat2x4"
        },
        {
          "type": "STRING",
          "value": "dmat3x2"
        },
        {
          "type": "STRING",
          "value": "dmat3x3"
        },
        {
          "type": "STRING",
          "value": "dmat3x4"
        },
        {
          "type": "STRING",
          "value": "dmat4x2"
        },
        {
          "type": "STRING",
          "value": "dmat4x3"
        },
        {
          "type": "STRING",
          "value": "dmat4x4"
        },
        {
          "type": "STRING",
          "value": "atomic_uint"
        },
        {
          "type": "STRING",
          "value": "sampler1d"
        },
        {
          "type": "STRING",
          "value": "sampler2d"
        },
        {
          "type": "STRING",
          "value": "sampler3d"
        },
        {
          "type": "STRING",
          "value": "samplercube"
        },
        {
          "type": "STRING",
          "value": "sampler1DShadow"
        },
        {
          "type": "STRING",
          "value": "sampler2DShadow"
        },
        {
          "type": "STRING",
          "value": "samplerCubeShadow"
        },
        {
          "type": "STRING",
          "value": "sampler1DArray"
        },
        {
          "type": "STRING",
          "value": "sampler2DArray"
        },
        {
          "type": "STRING",
          "value": "sampler1DArrayShadow"
        },
        {
          "type": "STRING",
          "value": "sampler2DArrayShadow"
        },
        {
          "type": "STRING",
          "value": "samplerCubeArray"
        },
        {
          "type": "STRING",
          "value": "samplerCubeArrayShadow"
        },
        {
          "type": "STRING",
          "value": "isampler1D"
        },
        {
          "type": "STRING",
          "value": "isampler2D"
        },
        {
          "type": "STRING",
          "value": "isampler3D"
        },
        {
          "type": "STRING",
          "value": "isamplerCube"
        },
        {
          "type": "STRING",
          "value": "isampler1DArray"
        },
        {
          "type": "STRING",
          "value": "isampler2DArray"
        },
        {
          "type": "STRING",
          "value": "isamplerCubeArray"
        },
        {
          "type": "STRING",
          "value": "usampler1D"
        },
        {
          "type": "STRING",
          "value": "usampler2D"
        },
        {
          "type": "STRING",
          "value": "usampler3D"
        },
        {
          "type": "STRING",
          "value": "usamplerCube"
        },
        {
          "type": "STRING",
          "value": "usampler1DArray"
        },
        {
          "type": "STRING",
          "value": "usampler2DArray"
        },
        {
          "type": "STRING",
          "value": "usamplerCubeArray"
        },
        {
          "type": "STRING",
          "value": "sampler2DRect"
        },
        {
          "type": "STRING",
          "value": "sampler2DRectshadow"
        },
        {
          "type": "STRING",
          "value": "isampler2DRect"
        },
        {
          "type": "STRING",
          "value": "usampler2DRect"
        },
        {
          "type": "STRING",
          "value": "samplerBuffer"
        },
        {
          "type": "STRING",
          "value": "isamplerBuffer"
        },
        {
          "type": "STRING",
          "value": "usamplerBuffer"
        },
        {
          "type": "STRING",
          "value": "sampler2DMS"
        },
        {
          "type": "STRING",
          "value": "isampler2DMS"
        },
        {
          "type": "STRING",
          "value": "usampler2DMS"
        },
        {
          "type": "STRING",
          "value": "sampler2DMSArray"
        },
        {
          "type": "STRING",
          "value": "isampler2DMSArray"
        },
        {
          "type": "STRING",
          "value": "usampler2DMSArray"
        },
        {
          "type": "STRING",
          "value": "image1D"
        },
        {
          "type": "STRING",
          "value": "iimage1D"
        },
        {
          "type": "STRING",
          "value": "uimage1D"
        },
        {
          "type": "STRING",
          "value": "image2D"
        },
        {
          "type": "STRING",
          "value": "iimage2D"
        },
        {
          "type": "STRING",
          "value": "uimage2D"
        },
        {
          "type": "STRING",
          "value": "image3D"
        },
        {
          "type": "STRING",
          "value": "iimage3D"
        },
        {
          "type": "STRING",
          "value": "uimage3D"
        },
        {
          "type": "STRING",
          "value": "image2DRect"
        },
        {
          "type": "STRING",
          "value": "iimage2DRect"
        },
        {
          "type": "STRING",
          "value": "uimage2DRect"
        },
        {
          "type": "STRING",
          "value": "imageCube"
        },
        {
          "type": "STRING",
          "value": "iimageCube"
        },
        {
          "type": "STRING",
          "value": "uimageCube"
        },
        {
          "type": "STRING",
          "value": "imageBuffer"
        },
        {
          "type": "STRING",
          "value": "iimageBuffer"
        },
        {
          "type": "STRING",
          "value": "uimageBuffer"
        },
        {
          "type": "STRING",
          "value": "image1DArray"
        },
        {
          "type": "STRING",
          "value": "iimage1DArray"
        },
        {
          "type": "STRING",
          "value": "uimage1DArray"
        },
        {
          "type": "STRING",
          "value": "image2DArray"
        },
        {
          "type": "STRING",
          "value": "iimage2DArray"
        },
        {
          "type": "STRING",
          "value": "uimage2DArray"
        },
        {
          "type": "STRING",
          "value": "imageCubeArray"
        },
        {
          "type": "STRING",
          "value": "iimageCubeArray"
        },
        {
          "type": "STRING",
          "value": "uimageCubeArray"
        },
        {
          "type": "STRING",
          "value": "image2DMS"
        },
        {
          "type": "STRING",
          "value": "iimage2DMS"
        },
        {
          "type": "STRING",
          "value": "uimage2DMS"
        },
        {
          "type": "STRING",
          "value": "image2DMSArray"
        },
        {
          "type": "STRING",
          "value": "iimage2DMSArray"
        },
        {
          "type": "STRING",
          "value": "uimage2DMSArray"
        }
      ]
    },
    "struct_declaration_list": {
      "type": "REPEAT1",
      "content": {
        "type": "SYMBOL",
        "name": "struct_declaration"
      }
    },
    "struct_declaration": {
      "type": "SEQ",
      "members": [
        {
          "type": "CHOICE",
          "members": [
            {
              "type": "SYMBOL",
              "name": "type_qualifier_list"
            },
            {
              "type": "BLANK"
            }
          ]
        },
        {
          "type": "FIELD",
          "name": "type",
          "content": {
            "type": "SYMBOL",
            "name": "type_specifier"
          }
        },
        {
          "type": "FIELD",
          "name": "declarator",
          "content": {
            "type": "SYMBOL",
            "name": "struct_declarator_list"
          }
        },
        {
          "type": "STRING",
          "value": ";"
        }
      ]
    },
    "struct_declarator_list": {
      "type": "SEQ",
      "members": [
        {
          "type": "SYMBOL",
          "name": "struct_declarator"
        },
        {
          "type": "REPEAT",
          "content": {
            "type": "SEQ",
            "members": [
              {
                "type": "STRING",
                "value": ","
              },
              {
                "type": "SYMBOL",
                "name": "struct_declarator"
              }
            ]
          }
        }
      ]
    },
    "struct_declarator": {
      "type": "SYMBOL",
      "name": "_field_declarator"
    },
    "type_qualifier_list": {
      "type": "REPEAT1",
      "content": {
        "type": "PREC_RIGHT",
        "value": 0,
        "content": {
          "type": "SYMBOL",
          "name": "type_qualifier"
        }
      }
    },
    "type_qualifier": {
      "type": "CHOICE",
      "members": [
        {
          "type": "SYMBOL",
          "name": "storage_qualifier"
        },
        {
          "type": "SYMBOL",
          "name": "layout_qualifier"
        },
        {
          "type": "SYMBOL",
          "name": "precision_qualifier"
        },
        {
          "type": "SYMBOL",
          "name": "interpolation_qualifier"
        },
        {
          "type": "SYMBOL",
          "name": "invariant_qualifier"
        },
        {
          "type": "SYMBOL",
          "name": "precise_qualifier"
        }
      ]
    },
    "storage_qualifier": {
      "type": "CHOICE",
      "members": [
        {
          "type": "STRING",
          "value": "const"
        },
        {
          "type": "STRING",
          "value": "inout"
        },
        {
          "type": "STRING",
          "value": "in"
        },
        {
          "type": "STRING",
          "value": "out"
        },
        {
          "type": "STRING",
          "value": "centroid"
        },
        {
          "type": "STRING",
          "value": "patch"
        },
        {
          "type": "STRING",
          "value": "sample"
        },
        {
          "type": "STRING",
          "value": "uniform"
        },
        {
          "type": "STRING",
          "value": "buffer"
        },
        {
          "type": "STRING",
          "value": "shared"
        },
        {
          "type": "STRING",
          "value": "coherent"
        },
        {
          "type": "STRING",
          "value": "volatile"
        },
        {
          "type": "STRING",
          "value": "restrict"
        },
        {
          "type": "STRING",
          "value": "readonly"
        },
        {
          "type": "STRING",
          "value": "writeonly"
        },
        {
          "type": "STRING",
          "value": "subroutine"
        },
        {
          "type": "SEQ",
          "members": [
            {
              "type": "STRING",
              "value": "subroutine"
            },
            {
              "type": "STRING",
              "value": "("
            },
            {
              "type": "SYMBOL",
              "name": "type_name_list"
            },
            {
              "type": "STRING",
              "value": ")"
            }
          ]
        },
        {
          "type": "STRING",
          "value": "varying"
        },
        {
          "type": "STRING",
          "value": "attribute"
        }
      ]
    },
    "type_name_list": {
      "type": "SEQ",
      "members": [
        {
          "type": "SYMBOL",
          "name": "identifier"
        },
        {
          "type": "REPEAT",
          "content": {
            "type": "SEQ",
            "members": [
              {
                "type": "STRING",
                "value": ","
              },
              {
                "type": "SYMBOL",
                "name": "identifier"
              }
            ]
          }
        }
      ]
    },
    "layout_qualifier": {
      "type": "SEQ",
      "members": [
        {
          "type": "STRING",
          "value": "layout"
        },
        {
          "type": "STRING",
          "value": "("
        },
        {
          "type": "SEQ",
          "members": [
            {
              "type": "SEQ",
              "members": [
                {
                  "type": "SYMBOL",
                  "name": "layout_qualifier_id"
                },
                {
                  "type": "REPEAT",
                  "content": {
                    "type": "SEQ",
                    "members": [
                      {
                        "type": "STRING",
                        "value": ","
                      },
                      {
                        "type": "SYMBOL",
                        "name": "layout_qualifier_id"
                      }
                    ]
                  }
                }
              ]
            }
          ]
        },
        {
          "type": "STRING",
          "value": ")"
        }
      ]
    },
    "layout_qualifier_id": {
      "type": "CHOICE",
      "members": [
        {
          "type": "PREC_RIGHT",
          "value": -2,
          "content": {
            "type": "SEQ",
            "members": [
              {
                "type": "FIELD",
                "name": "declarator",
                "content": {
                  "type": "SYMBOL",
                  "name": "identifier"
                }
              },
              {
                "type": "CHOICE",
                "members": [
                  {
                    "type": "SEQ",
                    "members": [
                      {
                        "type": "STRING",
                        "value": "="
                      },
                      {
                        "type": "FIELD",
                        "name": "value",
                        "content": {
                          "type": "SYMBOL",
                          "name": "_constant_expression"
                        }
                      }
                    ]
                  },
                  {
                    "type": "BLANK"
                  }
                ]
              }
            ]
          }
        },
        {
          "type": "STRING",
          "value": "shared"
        }
      ]
    },
    "precision_qualifier": {
      "type": "CHOICE",
      "members": [
        {
          "type": "STRING",
          "value": "highp"
        },
        {
          "type": "STRING",
          "value": "mediump"
        },
        {
          "type": "STRING",
          "value": "lowp"
        }
      ]
    },
    "interpolation_qualifier": {
      "type": "CHOICE",
      "members": [
        {
          "type": "STRING",
          "value": "smooth"
        },
        {
          "type": "STRING",
          "value": "flat"
        },
        {
          "type": "STRING",
          "value": "noperspective"
        }
      ]
    },
    "invariant_qualifier": {
      "type": "STRING",
      "value": "invariant"
    },
    "precise_qualifier": {
      "type": "STRING",
      "value": "precise"
    },
    "binary_expression": {
      "type": "CHOICE",
      "members": [
        {
          "type": "PREC_LEFT",
          "value": 7,
          "content": {
            "type": "SEQ",
            "members": [
              {
                "type": "FIELD",
                "name": "left",
                "content": {
                  "type": "SYMBOL",
                  "name": "_expression"
                }
              },
              {
                "type": "FIELD",
                "name": "operator",
                "content": {
                  "type": "STRING",
                  "value": ">"
                }
              },
              {
                "type": "FIELD",
                "name": "right",
                "content": {
                  "type": "SYMBOL",
                  "name": "_expression"
                }
              }
            ]
          }
        },
        {
          "type": "PREC_LEFT",
          "value": 7,
          "content": {
            "type": "SEQ",
            "members": [
              {
                "type": "FIELD",
                "name": "left",
                "content": {
                  "type": "SYMBOL",
                  "name": "_expression"
                }
              },
              {
                "type": "FIELD",
                "name": "operator",
                "content": {
                  "type": "STRING",
                  "value": "<"
                }
              },
              {
                "type": "FIELD",
                "name": "right",
                "content": {
                  "type": "SYMBOL",
                  "name": "_expression"
                }
              }
            ]
          }
        },
        {
          "type": "PREC_LEFT",
          "value": 7,
          "content": {
            "type": "SEQ",
            "members": [
              {
                "type": "FIELD",
                "name": "left",
                "content": {
                  "type": "SYMBOL",
                  "name": "_expression"
                }
              },
              {
                "type": "FIELD",
                "name": "operator",
                "content": {
                  "type": "STRING",
                  "value": ">="
                }
              },
              {
                "type": "FIELD",
                "name": "right",
                "content": {
                  "type": "SYMBOL",
                  "name": "_expression"
                }
              }
            ]
          }
        },
        {
          "type": "PREC_LEFT",
          "value": 7,
          "content": {
            "type": "SEQ",
            "members": [
              {
                "type": "FIELD",
                "name": "left",
                "content": {
                  "type": "SYMBOL",
                  "name": "_expression"
                }
              },
              {
                "type": "FIELD",
                "name": "operator",
                "content": {
                  "type": "STRING",
                  "value": "<="
                }
              },
              {
                "type": "FIELD",
                "name": "right",
                "content": {
                  "type": "SYMBOL",
                  "name": "_expression"
                }
              }
            ]
          }
        },
        {
          "type": "PREC_LEFT",
          "value": 6,
          "content": {
            "type": "SEQ",
            "members": [
              {
                "type": "FIELD",
                "name": "left",
                "content": {
                  "type": "SYMBOL",
                  "name": "_expression"
                }
              },
              {
                "type": "FIELD",
                "name": "operator",
                "content": {
                  "type": "STRING",
                  "value": "=="
                }
              },
              {
                "type": "FIELD",
                "name": "right",
                "content": {
                  "type": "SYMBOL",
                  "name": "_expression"
                }
              }
            ]
          }
        },
        {
          "type": "PREC_LEFT",
          "value": 6,
          "content": {
            "type": "SEQ",
            "members": [
              {
                "type": "FIELD",
                "name": "left",
                "content": {
                  "type": "SYMBOL",
                  "name": "_expression"
                }
              },
              {
                "type": "FIELD",
                "name": "operator",
                "content": {
                  "type": "STRING",
                  "value": "!="
                }
              },
              {
                "type": "FIELD",
                "name": "right",
                "content": {
                  "type": "SYMBOL",
                  "name": "_expression"
                }
              }
            ]
          }
        },
        {
          "type": "PREC_LEFT",
          "value": 2,
          "content": {
            "type": "SEQ",
            "members": [
              {
                "type": "FIELD",
                "name": "left",
                "content": {
                  "type": "SYMBOL",
                  "name": "_expression"
                }
              },
              {
                "type": "FIELD",
                "name": "operator",
                "content": {
                  "type": "STRING",
                  "value": "&&"
                }
              },
              {
                "type": "FIELD",
                "name": "right",
                "content": {
                  "type": "SYMBOL",
                  "name": "_expression"
                }
              }
            ]
          }
        },
        {
          "type": "PREC_LEFT",
          "value": 1,
          "content": {
            "type": "SEQ",
            "members": [
              {
                "type": "FIELD",
                "name": "left",
                "content": {
                  "type": "SYMBOL",
                  "name": "_expression"
                }
              },
              {
                "type": "FIELD",
                "name": "operator",
                "content": {
                  "type": "STRING",
                  "value": "||"
                }
              },
              {
                "type": "FIELD",
                "name": "right",
                "content": {
                  "type": "SYMBOL",
                  "name": "_expression"
                }
              }
            ]
          }
        },
        {
          "type": "PREC_LEFT",
          "value": 10,
          "content": {
            "type": "SEQ",
            "members": [
              {
                "type": "FIELD",
                "name": "left",
                "content": {
                  "type": "SYMBOL",
                  "name": "_expression"
                }
              },
              {
                "type": "FIELD",
                "name": "operator",
                "content": {
                  "type": "STRING",
                  "value": "+"
                }
              },
              {
                "type": "FIELD",
                "name": "right",
                "content": {
                  "type": "SYMBOL",
                  "name": "_expression"
                }
              }
            ]
          }
        },
        {
          "type": "PREC_LEFT",
          "value": 10,
          "content": {
            "type": "SEQ",
            "members": [
              {
                "type": "FIELD",
                "name": "left",
                "content": {
                  "type": "SYMBOL",
                  "name": "_expression"
                }
              },
              {
                "type": "FIELD",
                "name": "operator",
                "content": {
                  "type": "STRING",
                  "value": "-"
                }
              },
              {
                "type": "FIELD",
                "name": "right",
                "content": {
                  "type": "SYMBOL",
                  "name": "_expression"
                }
              }
            ]
          }
        },
        {
          "type": "PREC_LEFT",
          "value": 11,
          "content": {
            "type": "SEQ",
            "members": [
              {
                "type": "FIELD",
                "name": "left",
                "content": {
                  "type": "SYMBOL",
                  "name": "_expression"
                }
              },
              {
                "type": "FIELD",
                "name": "operator",
                "content": {
                  "type": "STRING",
                  "value": "*"
                }
              },
              {
                "type": "FIELD",
                "name": "right",
                "content": {
                  "type": "SYMBOL",
                  "name": "_expression"
                }
              }
            ]
          }
        },
        {
          "type": "PREC_LEFT",
          "value": 11,
          "content": {
            "type": "SEQ",
            "members": [
              {
                "type": "FIELD",
                "name": "left",
                "content": {
                  "type": "SYMBOL",
                  "name": "_expression"
                }
              },
              {
                "type": "FIELD",
                "name": "operator",
                "content": {
                  "type": "STRING",
                  "value": "/"
                }
              },
              {
                "type": "FIELD",
                "name": "right",
                "content": {
                  "type": "SYMBOL",
                  "name": "_expression"
                }
              }
            ]
          }
        },
        {
          "type": "PREC_LEFT",
          "value": 5,
          "content": {
            "type": "SEQ",
            "members": [
              {
                "type": "FIELD",
                "name": "left",
                "content": {
                  "type": "SYMBOL",
                  "name": "_expression"
                }
              },
              {
                "type": "FIELD",
                "name": "operator",
                "content": {
                  "type": "STRING",
                  "value": "&"
                }
              },
              {
                "type": "FIELD",
                "name": "right",
                "content": {
                  "type": "SYMBOL",
                  "name": "_expression"
                }
              }
            ]
          }
        },
        {
          "type": "PREC_LEFT",
          "value": 3,
          "content": {
            "type": "SEQ",
            "members": [
              {
                "type": "FIELD",
                "name": "left",
                "content": {
                  "type": "SYMBOL",
                  "name": "_expression"
                }
              },
              {
                "type": "FIELD",
                "name": "operator",
                "content": {
                  "type": "STRING",
                  "value": "|"
                }
              },
              {
                "type": "FIELD",
                "name": "right",
                "content": {
                  "type": "SYMBOL",
                  "name": "_expression"
                }
              }
            ]
          }
        },
        {
          "type": "PREC_LEFT",
          "value": 4,
          "content": {
            "type": "SEQ",
            "members": [
              {
                "type": "FIELD",
                "name": "left",
                "content": {
                  "type": "SYMBOL",
                  "name": "_expression"
                }
              },
              {
                "type": "FIELD",
                "name": "operator",
                "content": {
                  "type": "STRING",
                  "value": "^"
                }
              },
              {
                "type": "FIELD",
                "name": "right",
                "content": {
                  "type": "SYMBOL",
                  "name": "_expression"
                }
              }
            ]
          }
        },
        {
          "type": "PREC_LEFT",
          "value": 11,
          "content": {
            "type": "SEQ",
            "members": [
              {
                "type": "FIELD",
                "name": "left",
                "content": {
                  "type": "SYMBOL",
                  "name": "_expression"
                }
              },
              {
                "type": "FIELD",
                "name": "operator",
                "content": {
                  "type": "STRING",
                  "value": "%"
                }
              },
              {
                "type": "FIELD",
                "name": "right",
                "content": {
                  "type": "SYMBOL",
                  "name": "_expression"
                }
              }
            ]
          }
        },
        {
          "type": "PREC_LEFT",
          "value": 9,
          "content": {
            "type": "SEQ",
            "members": [
              {
                "type": "FIELD",
                "name": "left",
                "content": {
                  "type": "SYMBOL",
                  "name": "_expression"
                }
              },
              {
                "type": "FIELD",
                "name": "operator",
                "content": {
                  "type": "STRING",
                  "value": "<<"
                }
              },
              {
                "type": "FIELD",
                "name": "right",
                "content": {
                  "type": "SYMBOL",
                  "name": "_expression"
                }
              }
            ]
          }
        },
        {
          "type": "PREC_LEFT",
          "value": 9,
          "content": {
            "type": "SEQ",
            "members": [
              {
                "type": "FIELD",
                "name": "left",
                "content": {
                  "type": "SYMBOL",
                  "name": "_expression"
                }
              },
              {
                "type": "FIELD",
                "name": "operator",
                "content": {
                  "type": "STRING",
                  "value": ">>"
                }
              },
              {
                "type": "FIELD",
                "name": "right",
                "content": {
                  "type": "SYMBOL",
                  "name": "_expression"
                }
              }
            ]
          }
        }
      ]
    },
    "unary_expression": {
      "type": "CHOICE",
      "members": [
        {
          "type": "PREC_RIGHT",
          "value": 15,
          "content": {
            "type": "SEQ",
            "members": [
              {
                "type": "FIELD",
                "name": "operator",
                "content": {
                  "type": "STRING",
                  "value": "+"
                }
              },
              {
                "type": "FIELD",
                "name": "operand",
                "content": {
                  "type": "SYMBOL",
                  "name": "_expression"
                }
              }
            ]
          }
        },
        {
          "type": "PREC_RIGHT",
          "value": 15,
          "content": {
            "type": "SEQ",
            "members": [
              {
                "type": "FIELD",
                "name": "operator",
                "content": {
                  "type": "STRING",
                  "value": "-"
                }
              },
              {
                "type": "FIELD",
                "name": "operand",
                "content": {
                  "type": "SYMBOL",
                  "name": "_expression"
                }
              }
            ]
          }
        },
        {
          "type": "PREC_RIGHT",
          "value": 15,
          "content": {
            "type": "SEQ",
            "members": [
              {
                "type": "FIELD",
                "name": "operator",
                "content": {
                  "type": "STRING",
                  "value": "!"
                }
              },
              {
                "type": "FIELD",
                "name": "operand",
                "content": {
                  "type": "SYMBOL",
                  "name": "_expression"
                }
              }
            ]
          }
        },
        {
          "type": "PREC_RIGHT",
          "value": 15,
          "content": {
            "type": "SEQ",
            "members": [
              {
                "type": "FIELD",
                "name": "operator",
                "content": {
                  "type": "STRING",
                  "value": "~"
                }
              },
              {
                "type": "FIELD",
                "name": "operand",
                "content": {
                  "type": "SYMBOL",
                  "name": "_expression"
                }
              }
            ]
          }
        }
      ]
    },
    "update_expression": {
      "type": "CHOICE",
      "members": [
        {
          "type": "PREC_RIGHT",
          "value": 15,
          "content": {
            "type": "CHOICE",
            "members": [
              {
                "type": "SEQ",
                "members": [
                  {
                    "type": "STRING",
                    "value": "++"
                  },
                  {
                    "type": "SYMBOL",
                    "name": "_expression"
                  }
                ]
              },
              {
                "type": "SEQ",
                "members": [
                  {
                    "type": "STRING",
                    "value": "--"
                  },
                  {
                    "type": "SYMBOL",
                    "name": "_expression"
                  }
                ]
              }
            ]
          }
        },
        {
          "type": "PREC_LEFT",
          "value": 18,
          "content": {
            "type": "CHOICE",
            "members": [
              {
                "type": "SEQ",
                "members": [
                  {
                    "type": "SYMBOL",
                    "name": "_expression"
                  },
                  {
                    "type": "STRING",
                    "value": "++"
                  }
                ]
              },
              {
                "type": "SEQ",
                "members": [
                  {
                    "type": "SYMBOL",
                    "name": "_expression"
                  },
                  {
                    "type": "STRING",
                    "value": "--"
                  }
                ]
              }
            ]
          }
        }
      ]
    },
    "parenthesized_expression": {
      "type": "PREC",
      "value": 20,
      "content": {
        "type": "SEQ",
        "members": [
          {
            "type": "STRING",
            "value": "("
          },
          {
            "type": "SYMBOL",
            "name": "_expression"
          },
          {
            "type": "STRING",
            "value": ")"
          }
        ]
      }
    },
    "subscript_expression": {
      "type": "PREC_LEFT",
      "value": 18,
      "content": {
        "type": "SEQ",
        "members": [
          {
            "type": "FIELD",
            "name": "array",
            "content": {
              "type": "SYMBOL",
              "name": "_expression"
            }
          },
          {
            "type": "STRING",
            "value": "["
          },
          {
            "type": "FIELD",
            "name": "index",
            "content": {
              "type": "SYMBOL",
              "name": "_expression"
            }
          },
          {
            "type": "STRING",
            "value": "]"
          }
        ]
      }
    },
    "field_expression": {
      "type": "PREC_LEFT",
      "value": 18,
      "content": {
        "type": "SEQ",
        "members": [
          {
            "type": "FIELD",
            "name": "argument",
            "content": {
              "type": "SYMBOL",
              "name": "_expression"
            }
          },
          {
            "type": "STRING",
            "value": "."
          },
          {
            "type": "FIELD",
            "name": "field",
            "content": {
              "type": "SYMBOL",
              "name": "identifier"
            }
          }
        ]
      }
    },
    "call_expression": {
      "type": "PREC_LEFT",
      "value": 18,
      "content": {
        "type": "SEQ",
        "members": [
          {
            "type": "FIELD",
            "name": "function",
            "content": {
              "type": "CHOICE",
              "members": [
                {
                  "type": "SYMBOL",
                  "name": "type_specifier"
                },
                {
                  "type": "SYMBOL",
                  "name": "_expression"
                }
              ]
            }
          },
          {
            "type": "STRING",
            "value": "("
          },
          {
            "type": "CHOICE",
            "members": [
              {
                "type": "CHOICE",
                "members": [
                  {
                    "type": "STRING",
                    "value": "void"
                  },
                  {
                    "type": "SYMBOL",
                    "name": "function_call_parameter_list"
                  }
                ]
              },
              {
                "type": "BLANK"
              }
            ]
          },
          {
            "type": "STRING",
            "value": ")"
          }
        ]
      }
    },
    "comma_expression": {
      "type": "PREC_LEFT",
      "value": -10,
      "content": {
        "type": "SEQ",
        "members": [
          {
            "type": "SYMBOL",
            "name": "_expression"
          },
          {
            "type": "REPEAT1",
            "content": {
              "type": "SEQ",
              "members": [
                {
                  "type": "STRING",
                  "value": ","
                },
                {
                  "type": "SYMBOL",
                  "name": "_expression"
                }
              ]
            }
          }
        ]
      }
    },
    "function_call_parameter_list": {
      "type": "SEQ",
      "members": [
        {
          "type": "SYMBOL",
          "name": "_expression"
        },
        {
          "type": "REPEAT",
          "content": {
            "type": "SEQ",
            "members": [
              {
                "type": "STRING",
                "value": ","
              },
              {
                "type": "SYMBOL",
                "name": "_expression"
              }
            ]
          }
        }
      ]
    },
    "assignment_expression": {
      "type": "PREC_RIGHT",
      "value": -2,
      "content": {
        "type": "SEQ",
        "members": [
          {
            "type": "FIELD",
            "name": "left",
            "content": {
              "type": "SYMBOL",
              "name": "_assignment_left_expression"
            }
          },
          {
            "type": "FIELD",
            "name": "operator",
            "content": {
              "type": "CHOICE",
              "members": [
                {
                  "type": "STRING",
                  "value": "="
                },
                {
                  "type": "STRING",
                  "value": "+="
                },
                {
                  "type": "STRING",
                  "value": "-="
                },
                {
                  "type": "STRING",
                  "value": "*="
                },
                {
                  "type": "STRING",
                  "value": "/="
                },
                {
                  "type": "STRING",
                  "value": "%="
                },
                {
                  "type": "STRING",
                  "value": "<<="
                },
                {
                  "type": "STRING",
                  "value": ">>="
                },
                {
                  "type": "STRING",
                  "value": "&="
                },
                {
                  "type": "STRING",
                  "value": "^="
                },
                {
                  "type": "STRING",
                  "value": "|="
                }
              ]
            }
          },
          {
            "type": "FIELD",
            "name": "right",
            "content": {
              "type": "SYMBOL",
              "name": "_expression"
            }
          }
        ]
      }
    },
    "conditional_expression": {
      "type": "PREC_RIGHT",
      "value": -1,
      "content": {
        "type": "SEQ",
        "members": [
          {
            "type": "FIELD",
            "name": "condition",
            "content": {
              "type": "SYMBOL",
              "name": "_expression"
            }
          },
          {
            "type": "STRING",
            "value": "?"
          },
          {
            "type": "FIELD",
            "name": "consequence",
            "content": {
              "type": "SYMBOL",
              "name": "_expression"
            }
          },
          {
            "type": "STRING",
            "value": ":"
          },
          {
            "type": "FIELD",
            "name": "alternative",
            "content": {
              "type": "SYMBOL",
              "name": "_expression"
            }
          }
        ]
      }
    },
    "_expression": {
      "type": "CHOICE",
      "members": [
        {
          "type": "SYMBOL",
          "name": "assignment_expression"
        },
        {
          "type": "SYMBOL",
          "name": "_constant_expression"
        },
        {
          "type": "SYMBOL",
          "name": "comma_expression"
        }
      ]
    },
    "_constant_expression": {
      "type": "CHOICE",
      "members": [
        {
          "type": "SYMBOL",
          "name": "binary_expression"
        },
        {
          "type": "SYMBOL",
          "name": "conditional_expression"
        },
        {
          "type": "SYMBOL",
          "name": "_assignment_left_expression"
        }
      ]
    },
    "_assignment_left_expression": {
      "type": "CHOICE",
      "members": [
        {
          "type": "SYMBOL",
          "name": "call_expression"
        },
        {
          "type": "SYMBOL",
          "name": "field_expression"
        },
        {
          "type": "SYMBOL",
          "name": "subscript_expression"
        },
        {
          "type": "SYMBOL",
          "name": "unary_expression"
        },
        {
          "type": "SYMBOL",
          "name": "update_expression"
        },
        {
          "type": "SYMBOL",
          "name": "parenthesized_expression"
        },
        {
          "type": "SYMBOL",
          "name": "identifier"
        },
        {
          "type": "SYMBOL",
          "name": "number_literal"
        },
        {
          "type": "STRING",
          "value": "true"
        },
        {
          "type": "STRING",
          "value": "false"
        }
      ]
    },
    "number_literal": {
      "type": "CHOICE",
      "members": [
        {
          "type": "PATTERN",
          "value": "[1-9][0-9]*[uU]?"
        },
        {
          "type": "PATTERN",
          "value": "[0-7]+[uU]?"
        },
        {
          "type": "PATTERN",
          "value": "0[xX][0-9a-fA-F]+"
        },
        {
          "type": "PATTERN",
          "value": "[0-9]\\.[0-9]([eE][-+]?[0-9]+)?([lL]?[fF])?"
        },
        {
          "type": "PATTERN",
          "value": "[0-9]\\.([eE][-+]?[0-9]+)?([lL]?[fF])?"
        },
        {
          "type": "PATTERN",
          "value": "\\.[0-9]([eE][-+]?[0-9]+)?([lL]?[fF])?"
        }
      ]
    },
    "comment": {
      "type": "TOKEN",
      "content": {
        "type": "PREC",
        "value": -100,
        "content": {
          "type": "CHOICE",
          "members": [
            {
              "type": "SEQ",
              "members": [
                {
                  "type": "STRING",
                  "value": "//"
                },
                {
                  "type": "PATTERN",
                  "value": "(.*?\\\\\\n|.*)*"
                }
              ]
            },
            {
              "type": "SEQ",
              "members": [
                {
                  "type": "STRING",
                  "value": "/*"
                },
                {
                  "type": "PATTERN",
                  "value": "[^*]*\\*+([^/*][^*]*\\*+)*"
                },
                {
                  "type": "STRING",
                  "value": "/"
                }
              ]
            },
            {
              "type": "SEQ",
              "members": [
                {
                  "type": "STRING",
                  "value": "#"
                },
                {
                  "type": "PATTERN",
                  "value": ".*"
                }
              ]
            }
          ]
        }
      }
    },
    "identifier": {
      "type": "PATTERN",
      "value": "[_a-zA-Z][_a-zA-Z0-9]*"
    }
  },
  "extras": [
    {
      "type": "PATTERN",
      "value": "\\s+"
    },
    {
      "type": "SYMBOL",
      "name": "comment"
    }
  ],
  "conflicts": [
    [
      "declaration",
      "type_specifier"
    ]
  ],
  "precedences": [],
  "externals": [],
  "inline": [
    "_type_specifier_nonarray"
  ],
  "supertypes": []
}

