[
  {
    "type": "array_declarator",
    "named": true,
    "fields": {
      "declarator": {
        "multiple": false,
        "required": true,
        "types": [
          {
            "type": "identifier",
            "named": true
          }
        ]
      }
    },
    "children": {
      "multiple": true,
      "required": false,
      "types": [
        {
          "type": "binary_expression",
          "named": true
        },
        {
          "type": "call_expression",
          "named": true
        },
        {
          "type": "conditional_expression",
          "named": true
        },
        {
          "type": "field_expression",
          "named": true
        },
        {
          "type": "identifier",
          "named": true
        },
        {
          "type": "number_literal",
          "named": true
        },
        {
          "type": "parenthesized_expression",
          "named": true
        },
        {
          "type": "subscript_expression",
          "named": true
        },
        {
          "type": "unary_expression",
          "named": true
        },
        {
          "type": "update_expression",
          "named": true
        }
      ]
    }
  },
  {
    "type": "assignment_expression",
    "named": true,
    "fields": {
      "left": {
        "multiple": false,
        "required": true,
        "types": [
          {
            "type": "call_expression",
            "named": true
          },
          {
            "type": "false",
            "named": false
          },
          {
            "type": "field_expression",
            "named": true
          },
          {
            "type": "identifier",
            "named": true
          },
          {
            "type": "number_literal",
            "named": true
          },
          {
            "type": "parenthesized_expression",
            "named": true
          },
          {
            "type": "subscript_expression",
            "named": true
          },
          {
            "type": "true",
            "named": false
          },
          {
            "type": "unary_expression",
            "named": true
          },
          {
            "type": "update_expression",
            "named": true
          }
        ]
      },
      "operator": {
        "multiple": false,
        "required": true,
        "types": [
          {
            "type": "%=",
            "named": false
          },
          {
            "type": "&=",
            "named": false
          },
          {
            "type": "*=",
            "named": false
          },
          {
            "type": "+=",
            "named": false
          },
          {
            "type": "-=",
            "named": false
          },
          {
            "type": "/=",
            "named": false
          },
          {
            "type": "<<=",
            "named": false
          },
          {
            "type": "=",
            "named": false
          },
          {
            "type": ">>=",
            "named": false
          },
          {
            "type": "^=",
            "named": false
          },
          {
            "type": "|=",
            "named": false
          }
        ]
      },
      "right": {
        "multiple": false,
        "required": true,
        "types": [
          {
            "type": "assignment_expression",
            "named": true
          },
          {
            "type": "binary_expression",
            "named": true
          },
          {
            "type": "call_expression",
            "named": true
          },
          {
            "type": "comma_expression",
            "named": true
          },
          {
            "type": "conditional_expression",
            "named": true
          },
          {
            "type": "false",
            "named": false
          },
          {
            "type": "field_expression",
            "named": true
          },
          {
            "type": "identifier",
            "named": true
          },
          {
            "type": "number_literal",
            "named": true
          },
          {
            "type": "parenthesized_expression",
            "named": true
          },
          {
            "type": "subscript_expression",
            "named": true
          },
          {
            "type": "true",
            "named": false
          },
          {
            "type": "unary_expression",
            "named": true
          },
          {
            "type": "update_expression",
            "named": true
          }
        ]
      }
    }
  },
  {
    "type": "binary_expression",
    "named": true,
    "fields": {
      "left": {
        "multiple": false,
        "required": true,
        "types": [
          {
            "type": "assignment_expression",
            "named": true
          },
          {
            "type": "binary_expression",
            "named": true
          },
          {
            "type": "call_expression",
            "named": true
          },
          {
            "type": "comma_expression",
            "named": true
          },
          {
            "type": "conditional_expression",
            "named": true
          },
          {
            "type": "false",
            "named": false
          },
          {
            "type": "field_expression",
            "named": true
          },
          {
            "type": "identifier",
            "named": true
          },
          {
            "type": "number_literal",
            "named": true
          },
          {
            "type": "parenthesized_expression",
            "named": true
          },
          {
            "type": "subscript_expression",
            "named": true
          },
          {
            "type": "true",
            "named": false
          },
          {
            "type": "unary_expression",
            "named": true
          },
          {
            "type": "update_expression",
            "named": true
          }
        ]
      },
      "operator": {
        "multiple": false,
        "required": true,
        "types": [
          {
            "type": "!=",
            "named": false
          },
          {
            "type": "%",
            "named": false
          },
          {
            "type": "&",
            "named": false
          },
          {
            "type": "&&",
            "named": false
          },
          {
            "type": "*",
            "named": false
          },
          {
            "type": "+",
            "named": false
          },
          {
            "type": "-",
            "named": false
          },
          {
            "type": "/",
            "named": false
          },
          {
            "type": "<",
            "named": false
          },
          {
            "type": "<<",
            "named": false
          },
          {
            "type": "<=",
            "named": false
          },
          {
            "type": "==",
            "named": false
          },
          {
            "type": ">",
            "named": false
          },
          {
            "type": ">=",
            "named": false
          },
          {
            "type": ">>",
            "named": false
          },
          {
            "type": "^",
            "named": false
          },
          {
            "type": "|",
            "named": false
          },
          {
            "type": "||",
            "named": false
          }
        ]
      },
      "right": {
        "multiple": false,
        "required": true,
        "types": [
          {
            "type": "assignment_expression",
            "named": true
          },
          {
            "type": "binary_expression",
            "named": true
          },
          {
            "type": "call_expression",
            "named": true
          },
          {
            "type": "comma_expression",
            "named": true
          },
          {
            "type": "conditional_expression",
            "named": true
          },
          {
            "type": "false",
            "named": false
          },
          {
            "type": "field_expression",
            "named": true
          },
          {
            "type": "identifier",
            "named": true
          },
          {
            "type": "number_literal",
            "named": true
          },
          {
            "type": "parenthesized_expression",
            "named": true
          },
          {
            "type": "subscript_expression",
            "named": true
          },
          {
            "type": "true",
            "named": false
          },
          {
            "type": "unary_expression",
            "named": true
          },
          {
            "type": "update_expression",
            "named": true
          }
        ]
      }
    }
  },
  {
    "type": "call_expression",
    "named": true,
    "fields": {
      "function": {
        "multiple": false,
        "required": true,
        "types": [
          {
            "type": "assignment_expression",
            "named": true
          },
          {
            "type": "binary_expression",
            "named": true
          },
          {
            "type": "call_expression",
            "named": true
          },
          {
            "type": "comma_expression",
            "named": true
          },
          {
            "type": "conditional_expression",
            "named": true
          },
          {
            "type": "false",
            "named": false
          },
          {
            "type": "field_expression",
            "named": true
          },
          {
            "type": "identifier",
            "named": true
          },
          {
            "type": "number_literal",
            "named": true
          },
          {
            "type": "parenthesized_expression",
            "named": true
          },
          {
            "type": "subscript_expression",
            "named": true
          },
          {
            "type": "true",
            "named": false
          },
          {
            "type": "type_specifier",
            "named": true
          },
          {
            "type": "unary_expression",
            "named": true
          },
          {
            "type": "update_expression",
            "named": true
          }
        ]
      }
    },
    "children": {
      "multiple": false,
      "required": false,
      "types": [
        {
          "type": "function_call_parameter_list",
          "named": true
        }
      ]
    }
  },
  {
    "type": "case_label",
    "named": true,
    "fields": {},
    "children": {
      "multiple": false,
      "required": false,
      "types": [
        {
          "type": "assignment_expression",
          "named": true
        },
        {
          "type": "binary_expression",
          "named": true
        },
        {
          "type": "call_expression",
          "named": true
        },
        {
          "type": "comma_expression",
          "named": true
        },
        {
          "type": "conditional_expression",
          "named": true
        },
        {
          "type": "field_expression",
          "named": true
        },
        {
          "type": "identifier",
          "named": true
        },
        {
          "type": "number_literal",
          "named": true
        },
        {
          "type": "parenthesized_expression",
          "named": true
        },
        {
          "type": "subscript_expression",
          "named": true
        },
        {
          "type": "unary_expression",
          "named": true
        },
        {
          "type": "update_expression",
          "named": true
        }
      ]
    }
  },
  {
    "type": "comma_expression",
    "named": true,
    "fields": {},
    "children": {
      "multiple": true,
      "required": false,
      "types": [
        {
          "type": "assignment_expression",
          "named": true
        },
        {
          "type": "binary_expression",
          "named": true
        },
        {
          "type": "call_expression",
          "named": true
        },
        {
          "type": "comma_expression",
          "named": true
        },
        {
          "type": "conditional_expression",
          "named": true
        },
        {
          "type": "field_expression",
          "named": true
        },
        {
          "type": "identifier",
          "named": true
        },
        {
          "type": "number_literal",
          "named": true
        },
        {
          "type": "parenthesized_expression",
          "named": true
        },
        {
          "type": "subscript_expression",
          "named": true
        },
        {
          "type": "unary_expression",
          "named": true
        },
        {
          "type": "update_expression",
          "named": true
        }
      ]
    }
  },
  {
    "type": "compound_statement",
    "named": true,
    "fields": {},
    "children": {
      "multiple": false,
      "required": false,
      "types": [
        {
          "type": "statement_list",
          "named": true
        }
      ]
    }
  },
  {
    "type": "condition",
    "named": true,
    "fields": {
      "condition": {
        "multiple": true,
        "required": true,
        "types": [
          {
            "type": ",",
            "named": false
          },
          {
            "type": "=",
            "named": false
          },
          {
            "type": "assignment_expression",
            "named": true
          },
          {
            "type": "binary_expression",
            "named": true
          },
          {
            "type": "call_expression",
            "named": true
          },
          {
            "type": "comma_expression",
            "named": true
          },
          {
            "type": "conditional_expression",
            "named": true
          },
          {
            "type": "false",
            "named": false
          },
          {
            "type": "field_expression",
            "named": true
          },
          {
            "type": "fully_specified_type",
            "named": true
          },
          {
            "type": "identifier",
            "named": true
          },
          {
            "type": "number_literal",
            "named": true
          },
          {
            "type": "parenthesized_expression",
            "named": true
          },
          {
            "type": "subscript_expression",
            "named": true
          },
          {
            "type": "true",
            "named": false
          },
          {
            "type": "unary_expression",
            "named": true
          },
          {
            "type": "update_expression",
            "named": true
          },
          {
            "type": "{",
            "named": false
          },
          {
            "type": "}",
            "named": false
          }
        ]
      },
      "declarator": {
        "multiple": false,
        "required": false,
        "types": [
          {
            "type": "identifier",
            "named": true
          }
        ]
      }
    }
  },
  {
    "type": "conditional_expression",
    "named": true,
    "fields": {
      "alternative": {
        "multiple": false,
        "required": true,
        "types": [
          {
            "type": "assignment_expression",
            "named": true
          },
          {
            "type": "binary_expression",
            "named": true
          },
          {
            "type": "call_expression",
            "named": true
          },
          {
            "type": "comma_expression",
            "named": true
          },
          {
            "type": "conditional_expression",
            "named": true
          },
          {
            "type": "false",
            "named": false
          },
          {
            "type": "field_expression",
            "named": true
          },
          {
            "type": "identifier",
            "named": true
          },
          {
            "type": "number_literal",
            "named": true
          },
          {
            "type": "parenthesized_expression",
            "named": true
          },
          {
            "type": "subscript_expression",
            "named": true
          },
          {
            "type": "true",
            "named": false
          },
          {
            "type": "unary_expression",
            "named": true
          },
          {
            "type": "update_expression",
            "named": true
          }
        ]
      },
      "condition": {
        "multiple": false,
        "required": true,
        "types": [
          {
            "type": "assignment_expression",
            "named": true
          },
          {
            "type": "binary_expression",
            "named": true
          },
          {
            "type": "call_expression",
            "named": true
          },
          {
            "type": "comma_expression",
            "named": true
          },
          {
            "type": "conditional_expression",
            "named": true
          },
          {
            "type": "false",
            "named": false
          },
          {
            "type": "field_expression",
            "named": true
          },
          {
            "type": "identifier",
            "named": true
          },
          {
            "type": "number_literal",
            "named": true
          },
          {
            "type": "parenthesized_expression",
            "named": true
          },
          {
            "type": "subscript_expression",
            "named": true
          },
          {
            "type": "true",
            "named": false
          },
          {
            "type": "unary_expression",
            "named": true
          },
          {
            "type": "update_expression",
            "named": true
          }
        ]
      },
      "consequence": {
        "multiple": false,
        "required": true,
        "types": [
          {
            "type": "assignment_expression",
            "named": true
          },
          {
            "type": "binary_expression",
            "named": true
          },
          {
            "type": "call_expression",
            "named": true
          },
          {
            "type": "comma_expression",
            "named": true
          },
          {
            "type": "conditional_expression",
            "named": true
          },
          {
            "type": "false",
            "named": false
          },
          {
            "type": "field_expression",
            "named": true
          },
          {
            "type": "identifier",
            "named": true
          },
          {
            "type": "number_literal",
            "named": true
          },
          {
            "type": "parenthesized_expression",
            "named": true
          },
          {
            "type": "subscript_expression",
            "named": true
          },
          {
            "type": "true",
            "named": false
          },
          {
            "type": "unary_expression",
            "named": true
          },
          {
            "type": "update_expression",
            "named": true
          }
        ]
      }
    }
  },
  {
    "type": "declaration",
    "named": true,
    "fields": {
      "body": {
        "multiple": true,
        "required": false,
        "types": [
          {
            "type": "struct_declaration_list",
            "named": true
          },
          {
            "type": "{",
            "named": false
          },
          {
            "type": "}",
            "named": false
          }
        ]
      },
      "declarator": {
        "multiple": true,
        "required": false,
        "types": [
          {
            "type": ",",
            "named": false
          },
          {
            "type": "array_declarator",
            "named": true
          },
          {
            "type": "identifier",
            "named": true
          }
        ]
      },
      "type": {
        "multiple": false,
        "required": false,
        "types": [
          {
            "type": "identifier",
            "named": true
          }
        ]
      },
      "value": {
        "multiple": true,
        "required": false,
        "types": [
          {
            "type": ",",
            "named": false
          },
          {
            "type": "assignment_expression",
            "named": true
          },
          {
            "type": "binary_expression",
            "named": true
          },
          {
            "type": "call_expression",
            "named": true
          },
          {
            "type": "comma_expression",
            "named": true
          },
          {
            "type": "conditional_expression",
            "named": true
          },
          {
            "type": "false",
            "named": false
          },
          {
            "type": "field_expression",
            "named": true
          },
          {
            "type": "identifier",
            "named": true
          },
          {
            "type": "number_literal",
            "named": true
          },
          {
            "type": "parenthesized_expression",
            "named": true
          },
          {
            "type": "subscript_expression",
            "named": true
          },
          {
            "type": "true",
            "named": false
          },
          {
            "type": "unary_expression",
            "named": true
          },
          {
            "type": "update_expression",
            "named": true
          },
          {
            "type": "{",
            "named": false
          },
          {
            "type": "}",
            "named": false
          }
        ]
      }
    },
    "children": {
      "multiple": true,
      "required": true,
      "types": [
        {
          "type": "fully_specified_type",
          "named": true
        },
        {
          "type": "function_prototype",
          "named": true
        },
        {
          "type": "precision_qualifier",
          "named": true
        },
        {
          "type": "type_qualifier_list",
          "named": true
        },
        {
          "type": "type_specifier",
          "named": true
        }
      ]
    }
  },
  {
    "type": "expression_statement",
    "named": true,
    "fields": {},
    "children": {
      "multiple": false,
      "required": false,
      "types": [
        {
          "type": "assignment_expression",
          "named": true
        },
        {
          "type": "binary_expression",
          "named": true
        },
        {
          "type": "call_expression",
          "named": true
        },
        {
          "type": "comma_expression",
          "named": true
        },
        {
          "type": "conditional_expression",
          "named": true
        },
        {
          "type": "field_expression",
          "named": true
        },
        {
          "type": "identifier",
          "named": true
        },
        {
          "type": "number_literal",
          "named": true
        },
        {
          "type": "parenthesized_expression",
          "named": true
        },
        {
          "type": "subscript_expression",
          "named": true
        },
        {
          "type": "unary_expression",
          "named": true
        },
        {
          "type": "update_expression",
          "named": true
        }
      ]
    }
  },
  {
    "type": "field_expression",
    "named": true,
    "fields": {
      "argument": {
        "multiple": false,
        "required": true,
        "types": [
          {
            "type": "assignment_expression",
            "named": true
          },
          {
            "type": "binary_expression",
            "named": true
          },
          {
            "type": "call_expression",
            "named": true
          },
          {
            "type": "comma_expression",
            "named": true
          },
          {
            "type": "conditional_expression",
            "named": true
          },
          {
            "type": "false",
            "named": false
          },
          {
            "type": "field_expression",
            "named": true
          },
          {
            "type": "identifier",
            "named": true
          },
          {
            "type": "number_literal",
            "named": true
          },
          {
            "type": "parenthesized_expression",
            "named": true
          },
          {
            "type": "subscript_expression",
            "named": true
          },
          {
            "type": "true",
            "named": false
          },
          {
            "type": "unary_expression",
            "named": true
          },
          {
            "type": "update_expression",
            "named": true
          }
        ]
      },
      "field": {
        "multiple": false,
        "required": true,
        "types": [
          {
            "type": "identifier",
            "named": true
          }
        ]
      }
    }
  },
  {
    "type": "fully_specified_type",
    "named": true,
    "fields": {},
    "children": {
      "multiple": true,
      "required": true,
      "types": [
        {
          "type": "type_qualifier_list",
          "named": true
        },
        {
          "type": "type_specifier",
          "named": true
        }
      ]
    }
  },
  {
    "type": "function_call_parameter_list",
    "named": true,
    "fields": {},
    "children": {
      "multiple": true,
      "required": false,
      "types": [
        {
          "type": "assignment_expression",
          "named": true
        },
        {
          "type": "binary_expression",
          "named": true
        },
        {
          "type": "call_expression",
          "named": true
        },
        {
          "type": "comma_expression",
          "named": true
        },
        {
          "type": "conditional_expression",
          "named": true
        },
        {
          "type": "field_expression",
          "named": true
        },
        {
          "type": "identifier",
          "named": true
        },
        {
          "type": "number_literal",
          "named": true
        },
        {
          "type": "parenthesized_expression",
          "named": true
        },
        {
          "type": "subscript_expression",
          "named": true
        },
        {
          "type": "unary_expression",
          "named": true
        },
        {
          "type": "update_expression",
          "named": true
        }
      ]
    }
  },
  {
    "type": "function_declaration",
    "named": true,
    "fields": {
      "name": {
        "multiple": false,
        "required": true,
        "types": [
          {
            "type": "identifier",
            "named": true
          }
        ]
      },
      "parameters": {
        "multiple": false,
        "required": false,
        "types": [
          {
            "type": "function_parameter_list",
            "named": true
          }
        ]
      },
      "type": {
        "multiple": false,
        "required": true,
        "types": [
          {
            "type": "fully_specified_type",
            "named": true
          }
        ]
      }
    }
  },
  {
    "type": "function_definition",
    "named": true,
    "fields": {
      "body": {
        "multiple": false,
        "required": false,
        "types": [
          {
            "type": "compound_statement",
            "named": true
          }
        ]
      },
      "declarator": {
        "multiple": false,
        "required": true,
        "types": [
          {
            "type": "function_prototype",
            "named": true
          }
        ]
      }
    }
  },
  {
    "type": "function_parameter_list",
    "named": true,
    "fields": {},
    "children": {
      "multiple": true,
      "required": true,
      "types": [
        {
          "type": "parameter_declaration",
          "named": true
        }
      ]
    }
  },
  {
    "type": "function_prototype",
    "named": true,
    "fields": {},
    "children": {
      "multiple": false,
      "required": true,
      "types": [
        {
          "type": "function_declaration",
          "named": true
        }
      ]
    }
  },
  {
    "type": "if_statement",
    "named": true,
    "fields": {
      "alternative": {
        "multiple": false,
        "required": false,
        "types": [
          {
            "type": "case_label",
            "named": true
          },
          {
            "type": "compound_statement",
            "named": true
          },
          {
            "type": "declaration",
            "named": true
          },
          {
            "type": "expression_statement",
            "named": true
          },
          {
            "type": "if_statement",
            "named": true
          },
          {
            "type": "iteration_statement",
            "named": true
          },
          {
            "type": "jump_statement",
            "named": true
          },
          {
            "type": "switch_statement",
            "named": true
          }
        ]
      },
      "condition": {
        "multiple": false,
        "required": true,
        "types": [
          {
            "type": "assignment_expression",
            "named": true
          },
          {
            "type": "binary_expression",
            "named": true
          },
          {
            "type": "call_expression",
            "named": true
          },
          {
            "type": "comma_expression",
            "named": true
          },
          {
            "type": "conditional_expression",
            "named": true
          },
          {
            "type": "false",
            "named": false
          },
          {
            "type": "field_expression",
            "named": true
          },
          {
            "type": "identifier",
            "named": true
          },
          {
            "type": "number_literal",
            "named": true
          },
          {
            "type": "parenthesized_expression",
            "named": true
          },
          {
            "type": "subscript_expression",
            "named": true
          },
          {
            "type": "true",
            "named": false
          },
          {
            "type": "unary_expression",
            "named": true
          },
          {
            "type": "update_expression",
            "named": true
          }
        ]
      },
      "consequence": {
        "multiple": false,
        "required": true,
        "types": [
          {
            "type": "case_label",
            "named": true
          },
          {
            "type": "compound_statement",
            "named": true
          },
          {
            "type": "declaration",
            "named": true
          },
          {
            "type": "expression_statement",
            "named": true
          },
          {
            "type": "if_statement",
            "named": true
          },
          {
            "type": "iteration_statement",
            "named": true
          },
          {
            "type": "jump_statement",
            "named": true
          },
          {
            "type": "switch_statement",
            "named": true
          }
        ]
      }
    }
  },
  {
    "type": "interpolation_qualifier",
    "named": true,
    "fields": {}
  },
  {
    "type": "iteration_statement",
    "named": true,
    "fields": {
      "initializer": {
        "multiple": false,
        "required": false,
        "types": [
          {
            "type": "declaration",
            "named": true
          },
          {
            "type": "expression_statement",
            "named": true
          }
        ]
      },
      "update": {
        "multiple": false,
        "required": false,
        "types": [
          {
            "type": "assignment_expression",
            "named": true
          },
          {
            "type": "binary_expression",
            "named": true
          },
          {
            "type": "call_expression",
            "named": true
          },
          {
            "type": "comma_expression",
            "named": true
          },
          {
            "type": "conditional_expression",
            "named": true
          },
          {
            "type": "false",
            "named": false
          },
          {
            "type": "field_expression",
            "named": true
          },
          {
            "type": "identifier",
            "named": true
          },
          {
            "type": "number_literal",
            "named": true
          },
          {
            "type": "parenthesized_expression",
            "named": true
          },
          {
            "type": "subscript_expression",
            "named": true
          },
          {
            "type": "true",
            "named": false
          },
          {
            "type": "unary_expression",
            "named": true
          },
          {
            "type": "update_expression",
            "named": true
          }
        ]
      }
    },
    "children": {
      "multiple": true,
      "required": true,
      "types": [
        {
          "type": "assignment_expression",
          "named": true
        },
        {
          "type": "binary_expression",
          "named": true
        },
        {
          "type": "call_expression",
          "named": true
        },
        {
          "type": "case_label",
          "named": true
        },
        {
          "type": "comma_expression",
          "named": true
        },
        {
          "type": "compound_statement",
          "named": true
        },
        {
          "type": "condition",
          "named": true
        },
        {
          "type": "conditional_expression",
          "named": true
        },
        {
          "type": "declaration",
          "named": true
        },
        {
          "type": "expression_statement",
          "named": true
        },
        {
          "type": "field_expression",
          "named": true
        },
        {
          "type": "identifier",
          "named": true
        },
        {
          "type": "if_statement",
          "named": true
        },
        {
          "type": "iteration_statement",
          "named": true
        },
        {
          "type": "jump_statement",
          "named": true
        },
        {
          "type": "number_literal",
          "named": true
        },
        {
          "type": "parenthesized_expression",
          "named": true
        },
        {
          "type": "subscript_expression",
          "named": true
        },
        {
          "type": "switch_statement",
          "named": true
        },
        {
          "type": "unary_expression",
          "named": true
        },
        {
          "type": "update_expression",
          "named": true
        }
      ]
    }
  },
  {
    "type": "jump_statement",
    "named": true,
    "fields": {},
    "children": {
      "multiple": false,
      "required": false,
      "types": [
        {
          "type": "assignment_expression",
          "named": true
        },
        {
          "type": "binary_expression",
          "named": true
        },
        {
          "type": "call_expression",
          "named": true
        },
        {
          "type": "comma_expression",
          "named": true
        },
        {
          "type": "conditional_expression",
          "named": true
        },
        {
          "type": "field_expression",
          "named": true
        },
        {
          "type": "identifier",
          "named": true
        },
        {
          "type": "number_literal",
          "named": true
        },
        {
          "type": "parenthesized_expression",
          "named": true
        },
        {
          "type": "subscript_expression",
          "named": true
        },
        {
          "type": "unary_expression",
          "named": true
        },
        {
          "type": "update_expression",
          "named": true
        }
      ]
    }
  },
  {
    "type": "layout_qualifier",
    "named": true,
    "fields": {},
    "children": {
      "multiple": true,
      "required": true,
      "types": [
        {
          "type": "layout_qualifier_id",
          "named": true
        }
      ]
    }
  },
  {
    "type": "layout_qualifier_id",
    "named": true,
    "fields": {
      "declarator": {
        "multiple": false,
        "required": false,
        "types": [
          {
            "type": "identifier",
            "named": true
          }
        ]
      },
      "value": {
        "multiple": false,
        "required": false,
        "types": [
          {
            "type": "binary_expression",
            "named": true
          },
          {
            "type": "call_expression",
            "named": true
          },
          {
            "type": "conditional_expression",
            "named": true
          },
          {
            "type": "false",
            "named": false
          },
          {
            "type": "field_expression",
            "named": true
          },
          {
            "type": "identifier",
            "named": true
          },
          {
            "type": "number_literal",
            "named": true
          },
          {
            "type": "parenthesized_expression",
            "named": true
          },
          {
            "type": "subscript_expression",
            "named": true
          },
          {
            "type": "true",
            "named": false
          },
          {
            "type": "unary_expression",
            "named": true
          },
          {
            "type": "update_expression",
            "named": true
          }
        ]
      }
    }
  },
  {
    "type": "number_literal",
    "named": true,
    "fields": {}
  },
  {
    "type": "parameter_declaration",
    "named": true,
    "fields": {
      "declarator": {
        "multiple": false,
        "required": true,
        "types": [
          {
            "type": "parameter_declarator",
            "named": true
          },
          {
            "type": "type_specifier",
            "named": true
          }
        ]
      },
      "type": {
        "multiple": false,
        "required": false,
        "types": [
          {
            "type": "type_qualifier_list",
            "named": true
          }
        ]
      }
    }
  },
  {
    "type": "parameter_declarator",
    "named": true,
    "fields": {
      "declarator": {
        "multiple": false,
        "required": true,
        "types": [
          {
            "type": "array_declarator",
            "named": true
          },
          {
            "type": "identifier",
            "named": true
          }
        ]
      },
      "type": {
        "multiple": false,
        "required": true,
        "types": [
          {
            "type": "type_specifier",
            "named": true
          }
        ]
      }
    }
  },
  {
    "type": "parenthesized_expression",
    "named": true,
    "fields": {},
    "children": {
      "multiple": false,
      "required": false,
      "types": [
        {
          "type": "assignment_expression",
          "named": true
        },
        {
          "type": "binary_expression",
          "named": true
        },
        {
          "type": "call_expression",
          "named": true
        },
        {
          "type": "comma_expression",
          "named": true
        },
        {
          "type": "conditional_expression",
          "named": true
        },
        {
          "type": "field_expression",
          "named": true
        },
        {
          "type": "identifier",
          "named": true
        },
        {
          "type": "number_literal",
          "named": true
        },
        {
          "type": "parenthesized_expression",
          "named": true
        },
        {
          "type": "subscript_expression",
          "named": true
        },
        {
          "type": "unary_expression",
          "named": true
        },
        {
          "type": "update_expression",
          "named": true
        }
      ]
    }
  },
  {
    "type": "precision_qualifier",
    "named": true,
    "fields": {}
  },
  {
    "type": "primitive_type",
    "named": true,
    "fields": {}
  },
  {
    "type": "statement_list",
    "named": true,
    "fields": {},
    "children": {
      "multiple": true,
      "required": true,
      "types": [
        {
          "type": "case_label",
          "named": true
        },
        {
          "type": "compound_statement",
          "named": true
        },
        {
          "type": "declaration",
          "named": true
        },
        {
          "type": "expression_statement",
          "named": true
        },
        {
          "type": "if_statement",
          "named": true
        },
        {
          "type": "iteration_statement",
          "named": true
        },
        {
          "type": "jump_statement",
          "named": true
        },
        {
          "type": "switch_statement",
          "named": true
        }
      ]
    }
  },
  {
    "type": "storage_qualifier",
    "named": true,
    "fields": {},
    "children": {
      "multiple": false,
      "required": false,
      "types": [
        {
          "type": "type_name_list",
          "named": true
        }
      ]
    }
  },
  {
    "type": "struct_declaration",
    "named": true,
    "fields": {
      "declarator": {
        "multiple": false,
        "required": true,
        "types": [
          {
            "type": "struct_declarator_list",
            "named": true
          }
        ]
      },
      "type": {
        "multiple": false,
        "required": true,
        "types": [
          {
            "type": "type_specifier",
            "named": true
          }
        ]
      }
    },
    "children": {
      "multiple": false,
      "required": false,
      "types": [
        {
          "type": "type_qualifier_list",
          "named": true
        }
      ]
    }
  },
  {
    "type": "struct_declaration_list",
    "named": true,
    "fields": {},
    "children": {
      "multiple": true,
      "required": true,
      "types": [
        {
          "type": "struct_declaration",
          "named": true
        }
      ]
    }
  },
  {
    "type": "struct_declarator",
    "named": true,
    "fields": {},
    "children": {
      "multiple": false,
      "required": true,
      "types": [
        {
          "type": "array_declarator",
          "named": true
        },
        {
          "type": "identifier",
          "named": true
        }
      ]
    }
  },
  {
    "type": "struct_declarator_list",
    "named": true,
    "fields": {},
    "children": {
      "multiple": true,
      "required": true,
      "types": [
        {
          "type": "struct_declarator",
          "named": true
        }
      ]
    }
  },
  {
    "type": "subscript_expression",
    "named": true,
    "fields": {
      "array": {
        "multiple": false,
        "required": true,
        "types": [
          {
            "type": "assignment_expression",
            "named": true
          },
          {
            "type": "binary_expression",
            "named": true
          },
          {
            "type": "call_expression",
            "named": true
          },
          {
            "type": "comma_expression",
            "named": true
          },
          {
            "type": "conditional_expression",
            "named": true
          },
          {
            "type": "false",
            "named": false
          },
          {
            "type": "field_expression",
            "named": true
          },
          {
            "type": "identifier",
            "named": true
          },
          {
            "type": "number_literal",
            "named": true
          },
          {
            "type": "parenthesized_expression",
            "named": true
          },
          {
            "type": "subscript_expression",
            "named": true
          },
          {
            "type": "true",
            "named": false
          },
          {
            "type": "unary_expression",
            "named": true
          },
          {
            "type": "update_expression",
            "named": true
          }
        ]
      },
      "index": {
        "multiple": false,
        "required": true,
        "types": [
          {
            "type": "assignment_expression",
            "named": true
          },
          {
            "type": "binary_expression",
            "named": true
          },
          {
            "type": "call_expression",
            "named": true
          },
          {
            "type": "comma_expression",
            "named": true
          },
          {
            "type": "conditional_expression",
            "named": true
          },
          {
            "type": "false",
            "named": false
          },
          {
            "type": "field_expression",
            "named": true
          },
          {
            "type": "identifier",
            "named": true
          },
          {
            "type": "number_literal",
            "named": true
          },
          {
            "type": "parenthesized_expression",
            "named": true
          },
          {
            "type": "subscript_expression",
            "named": true
          },
          {
            "type": "true",
            "named": false
          },
          {
            "type": "unary_expression",
            "named": true
          },
          {
            "type": "update_expression",
            "named": true
          }
        ]
      }
    }
  },
  {
    "type": "switch_statement",
    "named": true,
    "fields": {
      "body": {
        "multiple": false,
        "required": false,
        "types": [
          {
            "type": "statement_list",
            "named": true
          }
        ]
      },
      "condition": {
        "multiple": false,
        "required": true,
        "types": [
          {
            "type": "assignment_expression",
            "named": true
          },
          {
            "type": "binary_expression",
            "named": true
          },
          {
            "type": "call_expression",
            "named": true
          },
          {
            "type": "comma_expression",
            "named": true
          },
          {
            "type": "conditional_expression",
            "named": true
          },
          {
            "type": "false",
            "named": false
          },
          {
            "type": "field_expression",
            "named": true
          },
          {
            "type": "identifier",
            "named": true
          },
          {
            "type": "number_literal",
            "named": true
          },
          {
            "type": "parenthesized_expression",
            "named": true
          },
          {
            "type": "subscript_expression",
            "named": true
          },
          {
            "type": "true",
            "named": false
          },
          {
            "type": "unary_expression",
            "named": true
          },
          {
            "type": "update_expression",
            "named": true
          }
        ]
      }
    }
  },
  {
    "type": "translation_unit",
    "named": true,
    "fields": {
      "body": {
        "multiple": true,
        "required": false,
        "types": [
          {
            "type": "declaration",
            "named": true
          }
        ]
      },
      "declarator": {
        "multiple": true,
        "required": false,
        "types": [
          {
            "type": "function_definition",
            "named": true
          }
        ]
      }
    }
  },
  {
    "type": "type_name_list",
    "named": true,
    "fields": {},
    "children": {
      "multiple": true,
      "required": true,
      "types": [
        {
          "type": "identifier",
          "named": true
        }
      ]
    }
  },
  {
    "type": "type_qualifier",
    "named": true,
    "fields": {},
    "children": {
      "multiple": false,
      "required": true,
      "types": [
        {
          "type": "interpolation_qualifier",
          "named": true
        },
        {
          "type": "invariant_qualifier",
          "named": true
        },
        {
          "type": "layout_qualifier",
          "named": true
        },
        {
          "type": "precise_qualifier",
          "named": true
        },
        {
          "type": "precision_qualifier",
          "named": true
        },
        {
          "type": "storage_qualifier",
          "named": true
        }
      ]
    }
  },
  {
    "type": "type_qualifier_list",
    "named": true,
    "fields": {},
    "children": {
      "multiple": true,
      "required": true,
      "types": [
        {
          "type": "type_qualifier",
          "named": true
        }
      ]
    }
  },
  {
    "type": "type_specifier",
    "named": true,
    "fields": {
      "body": {
        "multiple": false,
        "required": false,
        "types": [
          {
            "type": "struct_declaration_list",
            "named": true
          }
        ]
      },
      "declarator": {
        "multiple": false,
        "required": false,
        "types": [
          {
            "type": "identifier",
            "named": true
          }
        ]
      }
    },
    "children": {
      "multiple": true,
      "required": false,
      "types": [
        {
          "type": "binary_expression",
          "named": true
        },
        {
          "type": "call_expression",
          "named": true
        },
        {
          "type": "conditional_expression",
          "named": true
        },
        {
          "type": "field_expression",
          "named": true
        },
        {
          "type": "identifier",
          "named": true
        },
        {
          "type": "number_literal",
          "named": true
        },
        {
          "type": "parenthesized_expression",
          "named": true
        },
        {
          "type": "primitive_type",
          "named": true
        },
        {
          "type": "subscript_expression",
          "named": true
        },
        {
          "type": "unary_expression",
          "named": true
        },
        {
          "type": "update_expression",
          "named": true
        }
      ]
    }
  },
  {
    "type": "unary_expression",
    "named": true,
    "fields": {
      "operand": {
        "multiple": false,
        "required": true,
        "types": [
          {
            "type": "assignment_expression",
            "named": true
          },
          {
            "type": "binary_expression",
            "named": true
          },
          {
            "type": "call_expression",
            "named": true
          },
          {
            "type": "comma_expression",
            "named": true
          },
          {
            "type": "conditional_expression",
            "named": true
          },
          {
            "type": "false",
            "named": false
          },
          {
            "type": "field_expression",
            "named": true
          },
          {
            "type": "identifier",
            "named": true
          },
          {
            "type": "number_literal",
            "named": true
          },
          {
            "type": "parenthesized_expression",
            "named": true
          },
          {
            "type": "subscript_expression",
            "named": true
          },
          {
            "type": "true",
            "named": false
          },
          {
            "type": "unary_expression",
            "named": true
          },
          {
            "type": "update_expression",
            "named": true
          }
        ]
      },
      "operator": {
        "multiple": false,
        "required": true,
        "types": [
          {
            "type": "!",
            "named": false
          },
          {
            "type": "+",
            "named": false
          },
          {
            "type": "-",
            "named": false
          },
          {
            "type": "~",
            "named": false
          }
        ]
      }
    }
  },
  {
    "type": "update_expression",
    "named": true,
    "fields": {},
    "children": {
      "multiple": false,
      "required": false,
      "types": [
        {
          "type": "assignment_expression",
          "named": true
        },
        {
          "type": "binary_expression",
          "named": true
        },
        {
          "type": "call_expression",
          "named": true
        },
        {
          "type": "comma_expression",
          "named": true
        },
        {
          "type": "conditional_expression",
          "named": true
        },
        {
          "type": "field_expression",
          "named": true
        },
        {
          "type": "identifier",
          "named": true
        },
        {
          "type": "number_literal",
          "named": true
        },
        {
          "type": "parenthesized_expression",
          "named": true
        },
        {
          "type": "subscript_expression",
          "named": true
        },
        {
          "type": "unary_expression",
          "named": true
        },
        {
          "type": "update_expression",
          "named": true
        }
      ]
    }
  },
  {
    "type": "!",
    "named": false
  },
  {
    "type": "!=",
    "named": false
  },
  {
    "type": "%",
    "named": false
  },
  {
    "type": "%=",
    "named": false
  },
  {
    "type": "&",
    "named": false
  },
  {
    "type": "&&",
    "named": false
  },
  {
    "type": "&=",
    "named": false
  },
  {
    "type": "(",
    "named": false
  },
  {
    "type": ")",
    "named": false
  },
  {
    "type": "*",
    "named": false
  },
  {
    "type": "*=",
    "named": false
  },
  {
    "type": "+",
    "named": false
  },
  {
    "type": "++",
    "named": false
  },
  {
    "type": "+=",
    "named": false
  },
  {
    "type": ",",
    "named": false
  },
  {
    "type": "-",
    "named": false
  },
  {
    "type": "--",
    "named": false
  },
  {
    "type": "-=",
    "named": false
  },
  {
    "type": ".",
    "named": false
  },
  {
    "type": "/",
    "named": false
  },
  {
    "type": "/=",
    "named": false
  },
  {
    "type": ":",
    "named": false
  },
  {
    "type": ";",
    "named": false
  },
  {
    "type": "<",
    "named": false
  },
  {
    "type": "<<",
    "named": false
  },
  {
    "type": "<<=",
    "named": false
  },
  {
    "type": "<=",
    "named": false
  },
  {
    "type": "=",
    "named": false
  },
  {
    "type": "==",
    "named": false
  },
  {
    "type": ">",
    "named": false
  },
  {
    "type": ">=",
    "named": false
  },
  {
    "type": ">>",
    "named": false
  },
  {
    "type": ">>=",
    "named": false
  },
  {
    "type": "?",
    "named": false
  },
  {
    "type": "[",
    "named": false
  },
  {
    "type": "[]",
    "named": false
  },
  {
    "type": "]",
    "named": false
  },
  {
    "type": "^",
    "named": false
  },
  {
    "type": "^=",
    "named": false
  },
  {
    "type": "atomic_uint",
    "named": false
  },
  {
    "type": "attribute",
    "named": false
  },
  {
    "type": "bool",
    "named": false
  },
  {
    "type": "break",
    "named": false
  },
  {
    "type": "buffer",
    "named": false
  },
  {
    "type": "bvec2",
    "named": false
  },
  {
    "type": "bvec3",
    "named": false
  },
  {
    "type": "bvec4",
    "named": false
  },
  {
    "type": "case",
    "named": false
  },
  {
    "type": "centroid",
    "named": false
  },
  {
    "type": "coherent",
    "named": false
  },
  {
    "type": "comment",
    "named": true
  },
  {
    "type": "const",
    "named": false
  },
  {
    "type": "continue",
    "named": false
  },
  {
    "type": "default",
    "named": false
  },
  {
    "type": "discard",
    "named": false
  },
  {
    "type": "dmat2",
    "named": false
  },
  {
    "type": "dmat2x2",
    "named": false
  },
  {
    "type": "dmat2x3",
    "named": false
  },
  {
    "type": "dmat2x4",
    "named": false
  },
  {
    "type": "dmat3",
    "named": false
  },
  {
    "type": "dmat3x2",
    "named": false
  },
  {
    "type": "dmat3x3",
    "named": false
  },
  {
    "type": "dmat3x4",
    "named": false
  },
  {
    "type": "dmat4",
    "named": false
  },
  {
    "type": "dmat4x2",
    "named": false
  },
  {
    "type": "dmat4x3",
    "named": false
  },
  {
    "type": "dmat4x4",
    "named": false
  },
  {
    "type": "do",
    "named": false
  },
  {
    "type": "double",
    "named": false
  },
  {
    "type": "dvec2",
    "named": false
  },
  {
    "type": "dvec3",
    "named": false
  },
  {
    "type": "dvec4",
    "named": false
  },
  {
    "type": "else",
    "named": false
  },
  {
    "type": "false",
    "named": false
  },
  {
    "type": "flat",
    "named": false
  },
  {
    "type": "float",
    "named": false
  },
  {
    "type": "for",
    "named": false
  },
  {
    "type": "highp",
    "named": false
  },
  {
    "type": "identifier",
    "named": true
  },
  {
    "type": "if",
    "named": false
  },
  {
    "type": "iimage1D",
    "named": false
  },
  {
    "type": "iimage1DArray",
    "named": false
  },
  {
    "type": "iimage2D",
    "named": false
  },
  {
    "type": "iimage2DArray",
    "named": false
  },
  {
    "type": "iimage2DMS",
    "named": false
  },
  {
    "type": "iimage2DMSArray",
    "named": false
  },
  {
    "type": "iimage2DRect",
    "named": false
  },
  {
    "type": "iimage3D",
    "named": false
  },
  {
    "type": "iimageBuffer",
    "named": false
  },
  {
    "type": "iimageCube",
    "named": false
  },
  {
    "type": "iimageCubeArray",
    "named": false
  },
  {
    "type": "image1D",
    "named": false
  },
  {
    "type": "image1DArray",
    "named": false
  },
  {
    "type": "image2D",
    "named": false
  },
  {
    "type": "image2DArray",
    "named": false
  },
  {
    "type": "image2DMS",
    "named": false
  },
  {
    "type": "image2DMSArray",
    "named": false
  },
  {
    "type": "image2DRect",
    "named": false
  },
  {
    "type": "image3D",
    "named": false
  },
  {
    "type": "imageBuffer",
    "named": false
  },
  {
    "type": "imageCube",
    "named": false
  },
  {
    "type": "imageCubeArray",
    "named": false
  },
  {
    "type": "in",
    "named": false
  },
  {
    "type": "inout",
    "named": false
  },
  {
    "type": "int",
    "named": false
  },
  {
    "type": "invariant_qualifier",
    "named": true
  },
  {
    "type": "isampler1D",
    "named": false
  },
  {
    "type": "isampler1DArray",
    "named": false
  },
  {
    "type": "isampler2D",
    "named": false
  },
  {
    "type": "isampler2DArray",
    "named": false
  },
  {
    "type": "isampler2DMS",
    "named": false
  },
  {
    "type": "isampler2DMSArray",
    "named": false
  },
  {
    "type": "isampler2DRect",
    "named": false
  },
  {
    "type": "isampler3D",
    "named": false
  },
  {
    "type": "isamplerBuffer",
    "named": false
  },
  {
    "type": "isamplerCube",
    "named": false
  },
  {
    "type": "isamplerCubeArray",
    "named": false
  },
  {
    "type": "ivec2",
    "named": false
  },
  {
    "type": "ivec3",
    "named": false
  },
  {
    "type": "ivec4",
    "named": false
  },
  {
    "type": "layout",
    "named": false
  },
  {
    "type": "lowp",
    "named": false
  },
  {
    "type": "mat2",
    "named": false
  },
  {
    "type": "mat2x2",
    "named": false
  },
  {
    "type": "mat2x3",
    "named": false
  },
  {
    "type": "mat2x4",
    "named": false
  },
  {
    "type": "mat3",
    "named": false
  },
  {
    "type": "mat3x2",
    "named": false
  },
  {
    "type": "mat3x3",
    "named": false
  },
  {
    "type": "mat3x4",
    "named": false
  },
  {
    "type": "mat4",
    "named": false
  },
  {
    "type": "mat4x2",
    "named": false
  },
  {
    "type": "mat4x3",
    "named": false
  },
  {
    "type": "mat4x4",
    "named": false
  },
  {
    "type": "mediump",
    "named": false
  },
  {
    "type": "noperspective",
    "named": false
  },
  {
    "type": "out",
    "named": false
  },
  {
    "type": "patch",
    "named": false
  },
  {
    "type": "precise_qualifier",
    "named": true
  },
  {
    "type": "precision",
    "named": false
  },
  {
    "type": "readonly",
    "named": false
  },
  {
    "type": "restrict",
    "named": false
  },
  {
    "type": "return",
    "named": false
  },
  {
    "type": "sample",
    "named": false
  },
  {
    "type": "sampler1DArray",
    "named": false
  },
  {
    "type": "sampler1DArrayShadow",
    "named": false
  },
  {
    "type": "sampler1DShadow",
    "named": false
  },
  {
    "type": "sampler1d",
    "named": false
  },
  {
    "type": "sampler2DArray",
    "named": false
  },
  {
    "type": "sampler2DArrayShadow",
    "named": false
  },
  {
    "type": "sampler2DMS",
    "named": false
  },
  {
    "type": "sampler2DMSArray",
    "named": false
  },
  {
    "type": "sampler2DRect",
    "named": false
  },
  {
    "type": "sampler2DRectshadow",
    "named": false
  },
  {
    "type": "sampler2DShadow",
    "named": false
  },
  {
    "type": "sampler2d",
    "named": false
  },
  {
    "type": "sampler3d",
    "named": false
  },
  {
    "type": "samplerBuffer",
    "named": false
  },
  {
    "type": "samplerCubeArray",
    "named": false
  },
  {
    "type": "samplerCubeArrayShadow",
    "named": false
  },
  {
    "type": "samplerCubeShadow",
    "named": false
  },
  {
    "type": "samplercube",
    "named": false
  },
  {
    "type": "shared",
    "named": false
  },
  {
    "type": "smooth",
    "named": false
  },
  {
    "type": "struct",
    "named": false
  },
  {
    "type": "subroutine",
    "named": false
  },
  {
    "type": "switch",
    "named": false
  },
  {
    "type": "true",
    "named": false
  },
  {
    "type": "uimage1D",
    "named": false
  },
  {
    "type": "uimage1DArray",
    "named": false
  },
  {
    "type": "uimage2D",
    "named": false
  },
  {
    "type": "uimage2DArray",
    "named": false
  },
  {
    "type": "uimage2DMS",
    "named": false
  },
  {
    "type": "uimage2DMSArray",
    "named": false
  },
  {
    "type": "uimage2DRect",
    "named": false
  },
  {
    "type": "uimage3D",
    "named": false
  },
  {
    "type": "uimageBuffer",
    "named": false
  },
  {
    "type": "uimageCube",
    "named": false
  },
  {
    "type": "uimageCubeArray",
    "named": false
  },
  {
    "type": "uint",
    "named": false
  },
  {
    "type": "uniform",
    "named": false
  },
  {
    "type": "usampler1D",
    "named": false
  },
  {
    "type": "usampler1DArray",
    "named": false
  },
  {
    "type": "usampler2D",
    "named": false
  },
  {
    "type": "usampler2DArray",
    "named": false
  },
  {
    "type": "usampler2DMS",
    "named": false
  },
  {
    "type": "usampler2DMSArray",
    "named": false
  },
  {
    "type": "usampler2DRect",
    "named": false
  },
  {
    "type": "usampler3D",
    "named": false
  },
  {
    "type": "usamplerBuffer",
    "named": false
  },
  {
    "type": "usamplerCube",
    "named": false
  },
  {
    "type": "usamplerCubeArray",
    "named": false
  },
  {
    "type": "uvec2",
    "named": false
  },
  {
    "type": "uvec3",
    "named": false
  },
  {
    "type": "uvec4",
    "named": false
  },
  {
    "type": "varying",
    "named": false
  },
  {
    "type": "vec2",
    "named": false
  },
  {
    "type": "vec3",
    "named": false
  },
  {
    "type": "vec4",
    "named": false
  },
  {
    "type": "void",
    "named": false
  },
  {
    "type": "volatile",
    "named": false
  },
  {
    "type": "while",
    "named": false
  },
  {
    "type": "writeonly",
    "named": false
  },
  {
    "type": "{",
    "named": false
  },
  {
    "type": "|",
    "named": false
  },
  {
    "type": "|=",
    "named": false
  },
  {
    "type": "||",
    "named": false
  },
  {
    "type": "}",
    "named": false
  },
  {
    "type": "~",
    "named": false
  }
]